职业代码,职业名称,职业说明,职业任务,掌握工作技能时间,能力和技能使用状况,专业技术资格数量,专业技术资格等级,使用新技术能力,阅读能力,与人打交道频率,合作能力,社交机会,外语能力,普通话能力,管理能力,快速反应思考或脑力劳动频率,繁重体力劳动频率,频繁移动身体位置频率
1-04-01-01,工会负责人,在中华全国总工会各级组织及其工作机构中，担任领导职务的专职人员。,"['根据中国共产党的路线、方针、政策，组织拟定工会工作的指导方针、任务和目标。', '依照法律和章程独立自主地开展工作，在突出履行“维护”职能的同时，履行“建设、参与、教育”等社会职能。', '在管理国家和社会事务中发挥民主参与和民主监督作用，组织职工对企事业单位实行民主管理。', '参与涉及职工利益的有关法律、法规、政策、措施和制度的制定，维护职工合法权益。', '组织调查研究有关职工利益的重大问题，提出意见和建议，向党和政府有关部门及上级工会报告。', '负责对工会经费的管理和审查审计等工作。']",4,4,2,3,2,4,4,4,3,1,4,4,3,0,1
1-04-01,人民团体和群众团体负责人,在中华全国总工会、中国共产主义青年团、中华全国妇女联合会等人民团体和群众团体各级组织及其机构中，担任领导职务并具有决策、管理职权的人员。,[],4,4,2,3,3,4,4,4,4,2,4,4,3,0,1
1-04-01-02,共青团负责人,在中国共产主义青年团各级组织及其工作机构中，担任领导职务的专职人员。,"['根据中国共产党的路线、方针、政策，组织拟定共青团工作的指导方针、任务和目标。', '宣传、贯彻执行中国共产党的路线、方针、政策，发挥共青团作为党联系青年的桥梁和纽带作用，团结带领广大青年投身建设有中国特色社会主义实践，参与国家和社会事务的民主管理和监督工作。', '加强共青团思想、组织和作风建设，根据民主集中制原则，定期召开共青团的委员会会议，集体讨论重大问题，领导青联、学联和少先队工作。', '调查青年思想、工作、发展状况，代表和维护青少年的合法权益。']",4,4,2,3,2,4,4,4,3,1,4,4,3,0,1
1-04-01-03,妇联负责人,在中华全国妇女联合会各级组织及其工作机构中，担任领导职务的专职人员。,"['根据中国共产党的路线、方针、政策和党中央决策部署，组织制定妇联工作的指导方针、目标和任务。', '履行党和政府引领服务联系妇女群体的职能，维护妇女的合法权益。']",4,4,2,3,2,4,4,4,3,1,4,4,3,0,1
1-04-02,社会团体负责人,在社会团体中，担任领导职务并具有决策、管理职权的人员.,nan,4,4,2,3,3,3,4,4,4,2,4,4,3,0,1
1-04-01,人民团体和群众团体负责人,在人民团体和群众团体中，担任领导职务并具有决策、管理职权的人员.,nan,3,4,2,3,3,4,4,4,4,2,4,4,3,0,0
1-03-00-02,工商联负责人,在中华全国工商业联合会各级组织机构中，担任领导职务并具有决策、管理职权的人员。,"['参与国家大政方针及政治、经济、社会生活中的重要问题的政治协商;', '引导会员积极参加国家经济建设;', '负责管理联合会所办企业和事业;', '承办政府和有关部门的委托事项.']",4,4,2,3,3,4,4,4,4,2,4,4,3,0,0
1-04,人民团体和群众团体、社会组织及其他成员组织负责人,在人民团体和群众团体、社会团体、民办非企业单位、社会中介组织、基金会、宗教组织中，担任领导职务，具有决策和管理职权的人员。,nan,4,4,2,3,3,4,4,4,4,2,4,4,3,0,1
1-03-00-01,民主党派负责人,在中国国民党革命委员会、中国民主同盟、中国民主建国会、中国民主促进会、中国农工民主党、中国致公党、九三学社、台湾民主自治同盟各级组织机构中，担任领导职务并具有决策、管理职权的人员。,"['在中国共产党的领导下，根据中国共产党的路线、方针和重大政策，组织制定各自政党的工作指导方针、目标和任务;', ""贯彻执行'长期共存，互相监督，肝胆相照，荣辱与共' 的方针，组织和领导其成员履行参政议政和民主监督职能;"", '围绕国家的中心任务，组织和领导其成员开展为建设有中国特色社会主义服务和促进祖国和平统一的各项活动;', '依照法律和各自政党的章程，独立自主地开展工作，反映其成员和所联系群众的合法利益和合理要求，维护其合法权益;', '加强各自政党的领导班子建设、思想建设和组织建设，开展思想政治工作，根据民主集中制原则，定期召开委员会会议，集体讨论决定重大事项.']",4,4,2,3,3,4,4,4,4,2,4,4,3,0,1
1-03-00,民主党派和工商联负责人,在中国国民党革命委员会、中国民主同盟、中国民主建国会、中国民主促进会、中国农工民主党、中国致公党、九三学社、台湾民主自治同盟和中华全国工商业联合会各级组织机构中，担任领导职务并具有决策、管理职权的人员。,"['在中国共产党的领导下，根据中国共产党的路线、方针和重大政策，组织制定各自政党的工作指导方针、目标和任务;', ""贯彻执行'长期共存，互相监督，肝胆相照，荣辱与共' 的方针，组织和领导其成员履行参政议政和民主监督职能;"", '围绕国家的中心任务，组织和领导其成员开展为建设有中国特色社会主义服务和促进祖国和平统一的各项活动;', '依照法律和各自政党的章程，独立自主地开展工作，反映其成员和所联系群众的合法利益和合理要求，维护其合法权益;', '加强各自政党的领导班子建设、思想建设和组织建设，开展思想政治工作，根据民主集中制原则，定期召开委员会会议，集体讨论决定重大事项.']",4,4,2,3,2,4,4,4,4,2,4,4,3,0,0
1-02-02,国家行政机关负责人,在各级国家行政机关及其工作机构中，担任领导职务并具有决策、管理职权的人员。,"['领导所属各部门的工作，召集和主持本级行政机关会议。', '签署有关法规、政策、请示、报告、命令等重要文件。', '处理其他日常工作。']",4,4,2,3,3,4,4,4,4,3,4,4,4,0,1
1-02-04,监察机关负责人,在各级监察机关中，担任领导职务并具有决策、管理职权的人员。,[],4,4,2,3,3,4,4,4,3,2,4,4,3,0,1
1-02-05,人民法院和人民检察院负责人,nan,[],4,4,3,3,3,4,4,4,3,2,4,4,4,0,0
1-02-01,国家权力机关负责人,在各级人民代表大会常务委员会及其工作机构中，担任领导职务并具有决策、管理职权的人员。,"['常务委员会负责人主要处理常务委员会的重要日常工作。', '工作机构负责人主要为常务委员会会议和人民代表大会会议服务。']",4,4,2,3,3,4,4,4,4,2,4,4,3,0,1
1-02,国家机关负责人,在各级人民代表大会常务委员会、国家行政机关、人民政协及其工作机构，人民法院和人民检察院中，担任领导职务，具有决策和管理职权的人员。,nan,4,4,3,3,3,4,4,4,3,2,4,4,3,0,1
1-01-00-01,中国共产党机关负责人,在中国共产党中央和地方各级机关及其工作机构中，担任领导职务的人员。,nan,4,4,2,3,3,4,4,4,4,2,4,4,3,0,1
1-01-00-02,中国共产党基层组织负责人,在企业、农村、机关、学校、科研院所、街道社区、社会组织等基层单位中国共产党组织中，担任领导职务的人员。,nan,3,4,1,2,2,3,4,4,3,1,4,4,3,0,1
1-04-05,基金会负责人,nan,[],3,4,2,3,3,4,4,4,3,2,3,4,3,0,0
1-04-04,社会中介组织负责人,nan,[],3,4,1,2,3,3,4,4,3,2,4,4,3,0,1
1-04-03,民办非企业单位负责人,nan,[],3,4,1,2,3,3,4,3,3,1,4,4,3,0,1
1-05-00-01,居民委员会负责人,"在居民委员会中, 担任领导职务的人员。","['依法负责居民委员会日常管理工作', '行使法律规定的其他职权']",3,4,2,2,2,3,4,4,3,1,3,4,3,0,1
2111,工程师,负责项目的设计、实施及相关技术支持。,"['进行技术可行性研究', '设计与开发新产品', '与其他部门合作解决技术问题']",3,4,2,3,4,4,3,4,2,2,3,2,3,0,1
1-03,民主党派和工商联负责人,在中国国民党革命委员会、中国民主同盟、中国民主建国会、中国民主促进会、中国农民协会等组织中，担任领导职务并具有决策、管理职权的人员。,[],3,4,3,3,2,4,4,4,4,2,4,4,3,0,1
GBM 20110,文学、艺术学研究人员,从事文学与艺术领域研究的专业人员。,研究文学作品、艺术形式及其文化意义,4,4,2,3,3,4,2,3,2,2,3,1,4,0,0
2-01-05-00,历史学研究人员,从事既往人类活动及自然环境变迁研究的专业人员。,"['运用传世文献、出土文献、考古资料等史料，对人类社会历史和自然历史进行考察', '研究中国史、世界史、史学理论、史学史、各种专业史等', '研究史学发展动态，评论史学著作']",4,4,2,3,2,4,2,3,2,3,4,1,4,0,0
2-01-08-00,医学研究人员,从事基础医学、临床医学、预防医学、口腔医学、特种医学、药学以及中国传统医药学、中西医结合研究的专业人员。,"['研究人体的结构与功能及其疾病与健康相互转化的规律。', '研究疾病的诊断、治疗与康复的新技术和新方法。', '研究防止致病因子发生、发展，阻断致病因子传播，提高易感人群及个体致病因子的抵御与免疫能力的新技术和新方法。', '研究口腔卫生保健及口腔疾病诊断、治疗的新技术和新方法。', '研究运动、潜水、航空航天等特殊条件下的医学问题。', '研究药物成分、结构、生物活性。', '研究与发展中医药学、民族医药学。', '研究中西医结合的理论与相关技术方法。']",4,4,3,3,4,4,3,4,2,2,4,1,3,0,1
2-02-05,冶金工程技术人员,nan,[],3,3,2,3,3,4,2,3,2,1,3,2,3,1,1
2-02-15,道路和水上运输工程技术人员,nan,[],3,4,2,3,3,4,3,4,2,1,3,2,3,2,2
2-02-25,气象工程技术人员,nan,nan,3,4,2,2,3,4,3,4,2,2,3,1,3,0,1
2-02-35,康复辅具工程技术人员,nan,nan,3,4,2,2,3,4,3,4,2,1,3,2,3,1,2
2-02-01-05,钻探工程技术人员,nan,nan,3,4,2,3,3,4,2,3,1,1,3,2,3,2,3
2-02-02-04,地图制图工程技术人员,从事模拟和数字地图研究、设计、编制、可视化表达的工程技术人员。,"['运用地图制图理论和方法，编绘、设计地图出版原图。', '制订地图制作工艺流程，指导作业人员编制地图。', '采集、处理地图数据，设计、建立和维护地图数据库。', '设计开发并指导制作多媒体地图、专题地图、特型地图等新产品及可视化表达。', '检查、验收地图制图成果。']",3,4,2,2,4,4,2,3,2,1,4,2,3,0,1
2-02-03-03,矿山通风工程技术人员,从事矿山通风、防尘、防火、瓦斯防治、防突、矿井安全监测监控、矿山救护技术研究、管理的工程技术人员。,"['研究煤矿瓦斯赋存状况、煤层自然发火机理、矿尘燃烧爆炸机理。', '研究矿井通风、瓦斯防治、煤层自燃等相关技术。']",3,4,2,3,3,4,2,3,2,1,3,3,3,2,2
2-02-05-03,焦化工程技术人员,从事炼焦、焦炉煤气净化、煤气中化学产品回收、精制工艺技术研究、设计及生产技术应用的工程技术人员。,"['研究煤的成分及性能', '研究煤的结焦过程、炼焦工艺及干熄焦工艺', '研究焦炉煤气净化及回收、精制化学品的工艺方法', '研究提高焦化产品的质量和降低物料消耗的方法', '计算物料平衡，研究焦化工艺流程、技术装备和生产控制系统方案，制订配煤方案并组织落实', '进行新建、改造焦化工厂的可行性研究、技术经济论证，设计焦化工厂总图运输布置、管线配置、生产设施、公用系统和技术经济指标，进行焦化工厂设计，配合施工、试车投产和工程验收', '进行炼焦、化工产品回收工厂的生产组织，分析处理生产技术问题，指导生产人员作业', '制订、修订焦化生产的操作方法、技术规程、专业管理制度', '制订焦化产品标准、质量指标、设计规范和标准']",4,4,2,3,3,4,3,4,2,1,4,3,3,0,1
2-02-06-02,化工设计工程技术人员,从事化工产品生产的化工工艺设计的工程技术人员。,"['编写设计项目的可行性报告', '计算化工工艺的物料和热量平衡', '进行定型设备的选型和非定型设备的工艺设计', '提出化工设备、土建、电气、自控、安全、环保等设计条件', '编制生产定员，分析产品生产成本和效益', '绘制化工工艺流程图、生产工艺控制流程图、平面布置图和工艺管道配置图', '进行化工工艺扩大设计', '组织项目施工设计']",3,4,2,3,3,4,2,3,1,1,3,2,3,0,1
2-02-07-05,医学设备管理工程技术人员,nan,[],3,4,2,3,4,4,3,3,2,2,4,3,3,1,2
2-02-07-05,医学设备管理工程技术人员,从事医学设备选购、安装调试、维护修理的工程技术人员。,"['评估、选择购进设备。', '检验、安装、调试购进设备。', '计量、检测在用设备。', '维护、维修设备，分析、处理设备故障。', '组织设备管理使用技术知识培训。', '鉴定、处置拟报废设备。']",3,4,2,2,3,3,3,3,2,1,4,2,3,1,2
2-02-08-01,飞行器设计工程技术人员,从事飞行器预先研究、项目论证、方案设计、工程研制、设计定型、生产定型的工程技术人员。,"['进行飞行器预先研究', '进行飞行器总体设计与试验、构型管理']",4,4,2,3,4,4,3,4,2,2,3,2,4,0,1
2-02-09-02,电子元器件工程技术人员,从事电子元器件、电子封装和电子元器件试验与检测研发、设计、生产指导的工程技术人员。,"['研发、设计集成芯片、半导体分立器件、电真空器件和特种器件，并指导生产。', '研发、设计阻容元件、敏感元件、磁性器件、石英晶体与器件、电子陶瓷与压电、铁电晶体器件、机电组件、电子线缆、光纤光缆、化学物理电源及激光、红外技术的应用，并指导生产。', '研发、应用电子元器件封装技术。', '研发、应用电子元器件试验与检测。']",3,4,2,3,4,4,3,4,2,2,4,1,3,0,1
2-02-10-03,计算机软件工程技术人员,nan,[],4,4,3,3,4,4,2,3,2,2,3,1,4,0,0
2-02-10-05,信息系统分析工程技术人员,从事信息系统分析、设计、咨询的工程技术人员。,"['分析、模拟和评价信息系统的目标、需求、可行性、系统架构、功能、性能、效益、安全、风险', '编写系统需求说明书, 建立信息系统逻辑模型', '沟通、协调用户和信息系统开发人员', '编制信息化建设规划和信息系统总体解决方案', '制订系统集成项目实施方案和实施计划', '调查分析应用需求, 系统集成信息', '提供信息系统建设项目咨询服务']",3,4,2,3,4,4,4,4,2,2,4,3,3,0,0
2-02-12-02,供用电工程技术人员,"从事供用电系统设计和设备研发, 指导供用电设备安装、调试、检修及用电营业的工程技术人员。","['研发、设计供用电系统及设备;', '指导用电营业, 推广应用新技术;', '指导用电负荷控制器的安装、调试、检修、整定;', '监督、检查、指导用户安全、经济、合理用电;', '研究、应用电能计量装置技术;', '指导电力内线工程检查、验收;', '分析、处理用户供电设备故障的技术问题;', '制订供用电指标, 编制操作规程.']",3,4,2,3,4,4,3,3,2,1,4,2,3,1,2
2-02-14-04,演艺设备工程技术人员,从事舞台机械和灯光、音响等演艺设备工程设计、管理并指导调试、检测、维护的工程技术人员。,"['进行舞台机械和灯光、音响设备等演艺设备工程的论证、评估，制订项目计划书，进行项目可行性研究;', '编制剧场、音乐厅等演出场所演艺设备工程的技术方案，设定系统性能技术指标及功能要求，制订施工组织设计方案并组织实施;', '进行演艺设备工程的组织与合同、项目集成、质量、安全、健康、环境等管理.']",4,4,2,3,3,4,3,4,2,1,4,4,3,1,2
2-02-15-09,公路养护工程技术人员,从事公路技术状况检测与评定、养护需求分析、养护工程设计、施工指导、技术管理与服务的工程技术人员。,"['进行公路技术状况检测与评定；', '进行公路工程养护需求分析；', '制订日常养护及专项养护计划；', '编制日常养护工程技术方案；', '编制专项养护工程设计文件；', '指导作业人员进行公路养护工程施工，进行项目管理；', '进行养护工程质量控制、工程验收、项目后评估、监理咨询等技术服务。']",3,4,2,2,3,4,3,3,2,1,4,3,3,2,2
2-02-17,铁道工程技术人员,从事铁路研究、规划设计、运输组织、生产制造、试验检测、设备维护及管理的工程技术人员。,[],3,4,3,2,3,4,3,4,2,2,4,3,3,1,2
2-02-18-03,风景园林工程技术人员,nan,[],3,4,2,2,3,3,3,4,2,1,3,2,2,1,3
2-02-18-10,民航机场工程技术人员,从事民航机场的规划、设计、施工和管理的工程技术人员。,[],4,4,3,3,4,4,3,4,2,1,4,4,3,0,2
3,城镇燃气与供热工程技术人员,从事城镇燃气与供热设施的设计、施工及相关技术支持的工程技术人员。,"['设计城镇燃气与供热设施，编制施工方案，指导施工、监理和验收', '预测城镇燃气与供热负荷，制订城镇燃气供热系统生产技术方案，指导生产运行', '制订城镇燃气与供热设施维护方案，指导维护作业', '制订城镇燃气与供热应急预案，指导应急处置', '优化城镇燃气终端用户用气方案，提供用气技术支持', '研究、应用城镇燃气与供热的新技术、新设备、新材料、新工艺']",4,4,2,3,4,4,3,3,2,1,4,2,3,1,2
2-02-20,林草工程技术人员,从事林业生态环境建设、森林培育、园林绿化、天然林经营与保护、野生动物繁育、湿地保护修复、森林保护和森林开发、利用的工程技术人员。,[],3,4,2,2,3,3,3,4,2,1,3,2,3,2,2
2-02-20-10,林业资源调查与监测工程技术人员,nan,[],3,4,2,2,3,4,3,4,2,1,4,2,2,2,3
2-02-20-08,森林采伐和运输工程技术人员,从事森林资源开发、采伐、利用规划设计、工程设计和技术指导的工程技术人员。,"['编制森林资源开发与利用方案', '进行伐区调查、伐区工艺设计与收益计算', '确定森林采伐方式，进行采伐、集材、运材工艺设计及装车场、贮木场的工程设计']",3,4,2,2,3,4,2,3,2,0,3,2,2,3,3
2-02-22,海洋工程技术人员,从事海洋调查与监测，海洋环境预报，海洋资源开发利用和保护，海洋工程勘察设计、咨询与监理的工程技术人员。,[],3,4,2,3,3,4,3,4,2,2,3,1,3,1,2
2-02-22-05,海水淡化工程技术人员,从事海水淡化、海水直接利用、海水化学资源利用、海水净化工程规划、设计、设备研制和运行管理的工程技术人员。,['进行海水淡化与综合利用工程规划制订、可行性研究、技术经济评价和节能评估。'],3,4,2,3,3,4,3,4,2,2,4,2,3,0,1
2-02-25-01,气象观测工程技术人员,从事大气以及陆地、海洋、空间等领域中与气象相关的物理过程、化学过程和生态过程信息观测的工程技术人员。,"['运用卫星、气象雷达、自动气象站等气象装备、设施获取大气以及陆地、海洋、空间等领域中与气象相关的物理过程、化学过程和生态过程信息。', '对获取的气象观测数据进行质量控制和检验评估，加工制作气象观测数据产品，制订气象观测标准及业务管理规范。', '进行气象观测仪器装备运行监控、维修维护保障。', '进行气象观测试验，开展气象观测新技术、新方法、新装备研发和气象观测数据应用研发。', '研发气象观测新技术、新方法、新装备、气象观测数据应用，研究形成数字地球数据子集的地球多圈层、多源数据融合新技术。']",3,4,2,2,4,3,2,3,1,1,4,2,3,1,2
2-02-26,地震工程技术人员,从事地震理论和应用研究、防震减灾技术研究，地震监测和预报，应急救援和安全性评价的工程技术人员。,[],3,4,2,3,4,4,3,4,2,2,4,2,4,0,1
2-02-27-06,健康安全环境工程技术人员,从事企业健康安全环境(HSE)研究、设计、分析、评价、监督的工程技术人员。,"['研究生产、储运等过程对健康安全环境的影响', '进行生产、储运等过程健康安全环境工作现场分析，列出健康安全环境风险产生的原因、后果，制订应对风险的措施', '进行生产、储运等过程健康安全环境评价，提出技术改进措施', '进行工作现场健康安全环境监督']",3,4,2,3,3,4,3,3,2,1,4,2,3,0,2
2-02-29-02,计量工程技术人员,从事计量研究、检定、校准、检测、检验、测试、测量、监督、管理及计量技术法规标准制订、修订、实施的工程技术人员。,"['研究、建立、维护计量基准、计量标准及测量装置', '制订、修订、审查和管理计量技术法规，并监督、实施', '组织进行量值比对、量值传递和计量标准考核，监督管理计量器具与标准物质', '组织进行计量新产品定型鉴定和计量仲裁，进行计量公证、评估与认证', '研制、开发计量检测仪器、设备、系统及标准物质', '维护、使用计量器具，管理计量工作', '提供技术咨询服务，推广普及计量知识']",3,4,2,3,3,4,3,4,2,2,4,3,3,0,1
2-02-30-07,监理工程技术人员,从事项目设计、工程承包、设备供应、承揽等合同履约行为及过程监督和管理的工程技术人员。,"['监督项目设计与实施过程', '审查技术文件、计量支付文件、质量记录、进度计划、申请和变更需求', '监督项目设计承包人、工程承包人、设备供应人、承揽人的履约行为', '见证项目的重要过程、关键工序', '审查项目的质量证明文件，检查质量状况', '检查、确认、验收项目']",3,4,2,3,3,4,4,4,2,1,4,3,3,0,2
2-02-31-03,进出境动物和植物检验检疫人员,从事进出境动植物、动植物产品及其他应检物检验、检疫的技术人员。,"['进行进出境动植物、动植物产品和其他应检物风险分析、产地预检', '进行进出境、过境动植物及动植物产品和其他应检物检疫许可、现场检验检疫、抽样、隔离检疫、实验室检测、检疫处理并签发证书', '进行进出境动物流行病学、植物疫情调查与监测，进行进出境重大动物疫病、植物疫情防控和应急处置', '进行进出境、过境动植物、动植物产品和其他应检物、运输工具防疫消毒和无害化处理', '进行装载进出境动植物、动植物产品和其他应检物的装载容器、包装物、铺垫材料检疫，进行进出境邮寄物、旅客携带物检疫', '进行进出境动植物物种资源、转基因动植物及其产品检验、检疫', '进行进出境动植物、动植物产品和其他应检物的生产、加工、存放等监督管理', '进行进出境动植物、动植物产品和其他应检物中涉及人类和动植物生命与健康安全的有毒有害物质监控', '繁育、驯养和应用检疫犬']",3,4,2,3,3,4,3,3,2,2,4,3,3,2,3
2-02-35-01,矫形器师,从事人体体外矫形康复装置设计、制作、适配和使用指导的工程技术人员。,"['检查肢体功能障碍者身体情况，阅识医生诊断说明，制订应用矫形器恢复功能、矫治畸形方案。', '运用人体生物力学原理和康复工程技术，设计矫形器的结构和制造工艺，选用材料。', '指导装配人员制作矫形器。', '指导功能障碍者使用矫形器，评估矫形器的矫治、保护、固定和补偿等适配效果。', '检验矫形器制作质量，优化矫形器设计方案。', '复查矫形器使用效果。']",4,4,2,3,3,4,4,4,2,1,4,2,3,1,3
2-02-36-05,塑料加工工程技术人员,从事将合成树脂等塑料原辅料转化为塑料制品的成型加工技术研发和应用的工程技术人员。,"['研究、设计塑料制品的新品种;', '筛选塑料制品成型用的原料、助剂及配方技术;', '选择、设计塑料制品成型工艺及技术条件;', '设计塑料制品成型加工的模具;', '检测塑料制品的原料、半成品、成品的性能;', '研究、开发塑料制品应用的新技术及新领域.']",3,4,2,3,4,4,2,3,1,1,4,1,2,0,1
2-02-38-05,智能制造工程技术人员,从事智能制造相关技术的研究、开发，对智能制造装备、生产线进行设计、安装、调试、管控和应用的工程技术人员。,[],4,4,2,3,4,4,3,4,2,2,3,2,3,0,1
2-02-38-13,密码工程技术人员,从事密码算法与协议实现、设备和系统研制、产品检测与认证、服务系统设计建设、标准编制、密码管理、专业技术培训咨询的工程技术人员。,"['研究密码算法与实现。', '研究、设计密码协议与实现。', '研究、设计密码软硬件模块与实现。', '研究、设计密码设备和系统。', '开展密码产品检测认证工作。', '设计、应用密码服务系统。', '制订、修订密码标准并推广。', '进行密码管理。', '提供密码技术培训与咨询服务。']",3,4,2,3,4,4,2,3,1,2,3,2,4,0,1
2-03-09,农业工程技术人员,nan,[],3,4,2,3,3,3,2,3,2,1,3,2,2,2,2
2-03-06-03,宠物医师,从事宠物疾病诊断、治疗，宠物传染病、人畜共患病预防、控制的技术人员。,"['询问宠物主人或看护人员关于宠物的病史，进行化验、影像、穿刺等诊断程序，书写病历、记录病案。', '分析化验和检查结果，作出诊断，制订宠物治疗方案。', '开具处方并指导宠物喂药和护理。', '运用医疗设备、器械、药物等手段治疗宠物疾病。', '隔离感染传染病或人畜共患病的宠物，采取预防措施，并上报疫情。', '出具宠物医学证明文件。']",3,4,2,3,3,4,4,3,2,1,4,1,3,2,3
2-04-01-03,飞行领航员,使用机上领航仪器、设备，掌握全航程的无线电导航资料，向驾驶员和地面提供经过计算的航行数据的技术人员。,"['领取并校对领航所需资料，查阅航行通告，拟定领航计划，熟悉有关航线、机场资料、飞行方法及规定，研究特殊情况的处置方案，准备并带齐领航用具和飞行所需个人有效证件。', '查阅由签派员提供的有关飞行文件，阅读航行通告，了解航行资料的最新改变情况并检查校对机组所带资料，通电检查机上领航设备的工作情况并向机长报告。', '按规定程序操作机上领航设备，检查修正航迹，使飞机保持在预定的航线上飞行，做好领航记录。', '遇到特殊情况，在机长的指令下进行处理。', '遇到复杂天气情况，及时提醒、准确引导飞机安全飞行。', '报告机上领航设备和地面导航设备的工作情况，送交飞行资料并汇报。']",3,4,2,3,3,4,3,3,2,2,3,2,4,0,1
2-05-04,民族医医师,nan,[],3,4,2,3,2,3,4,3,2,1,4,1,2,1,1
2-05-01-07,口腔科医师,从事牙齿、口腔及颌面部疾病诊断、治疗和预防的专业人员。,"['使用药物和牙科设备、器械、材料及有关影像学、病理学、检验学诊断手段，诊治牙齿、牙列、牙周组织及口腔黏膜的疾病，拔除无法保留或不宜保留的牙齿', '诊治唾液腺、颞下颌关节和颌面部神经疾患，口腔颌面部良恶性肿瘤，牙颌面畸形，创伤性及感染性疾患', '修复牙齿、牙列及颌面器官的缺损与缺失', '术后观察患者病情变化并采取相应措施，书写病历，记录备案', '进行预防龋病、牙周病及其他口腔疾病的科普教育、疾病筛查']",4,4,3,3,3,4,4,4,2,1,4,2,4,1,3
2-05-01-16,核医学科医师,使用开放型放射性核素及放射性探测仪器，诊断、治疗患者疾病的专业人员。,"['询问、检查患者，查阅病史', '组织实施放射性核素显像，分析结果，作出诊断', '医嘱进行化验及其他诊断程序', '分析检查结果和化验报告，确定是否适宜放射性核素治疗并组织实施', '复查治疗后患者，观察疗效，必要时辅以内科治疗']",4,4,2,3,3,4,4,4,2,1,4,1,3,0,2
2-05-02,中医医师,在医疗、预防、保健机构中，运用中医药传统方法和手段，从事人体疾病诊断、治疗、预防、保健和康复等的专业人员。,[],4,4,2,3,3,4,4,3,2,1,4,2,3,1,2
2-05-02-09,中医耳鼻咽喉科医师,运用中医药理论和技术方法，从事耳鼻咽喉科疾病的预防、诊断、治疗和康复的专业人员。,"['运用望、闻、问、切等中医诊断方法，进行耳鼻咽喉科疾病诊断。', '运用现代医学诊疗技术和设备，进行辅助诊断。', '开具处方，制订治疗方案。', '运用药物、外治法等多种方法及现代医学手段，进行治疗。', '书写病历，记录病案。', '指导患者康复及预防保健。']",4,4,2,3,3,4,4,3,2,1,4,2,3,1,2
2-05-03-02,中西医结合外科医师,运用中、西医学理论和技术方法，从事外科疾病的预防、诊断、治疗和康复的专业人员。,['采集病史，检查患者，书写病历。'],4,4,2,3,3,4,4,4,2,1,4,2,4,1,3
2-05-06,药学技术人员,在医疗、预防或药品供应机构中，根据医师处方进行药物配置和分发，并辅助医师合理用药的专业人员。,[],3,4,2,3,3,4,4,4,2,1,4,2,3,1,2
2-05-07-14,病案信息技师,任务未提供,[],3,3,2,2,3,4,2,3,1,1,3,1,2,0,0
2-05-07-13,心理治疗技师,"从事减轻或消除来访者的心理痛苦, 促进其发展适应环境能力的技术人员。","['获取来访者心理问题、心理障碍的资料', '全面评估来访者心理成长、人格发展、社会功能、生活事件及心理困扰和精神痛苦等, 实施心理测查', '制订、实施心理治疗或心理干预方案', '在心理咨询中发现来访者有精神障碍或躯体疾病时及时请求会诊或转往其他专科', '防范、处置来访者危害其自身生命或危及社会安全的情况']",3,4,2,3,3,4,4,3,2,1,4,2,3,0,1
2-05-08-07,口腔科护士,从事口腔科病人的护理工作。,[],3,4,1,2,3,3,4,4,2,1,4,1,3,2,3
2-05-08-08,妇产科护士,从事妇女生殖系统疾病护理和健康教育，孕期及围产期保健护理，配合医生完成患者诊疗并对患者进行护理的专业人员。,"['应用妇产科护理程序，制订护理计划及措施。', '执行基础护理及妇产科护理常规，以及产前、产中、产后护理。', '执行医嘱，协助医生在产妇分娩时的助产和接生。', '观察分娩前、中、后的临床表现，观察妇科疾病治疗后的反应及病情变化，发现异常及时报告并记录。', '参与妇科危重患者的抢救并记录。', '进行健康教育和康复指导。']",3,4,2,3,3,4,4,4,2,1,4,2,3,2,4
2-06-01,经济专业人员,从事行业经营、生产、资金、价格、项目及工作计划编制并监控实施的专业人员。,[],4,4,2,3,3,4,3,4,2,2,4,3,3,0,0
2-06-06-01,资产评估专业人员,根据委托对不动产、动产、无形资产、企业价值、资产损失或者其他经济权益进行评定、估算，并出具评估报告的专业人员。,"['编制评估计划', '进行现场调查、收集评估资料', '评定估算委估资产价值', '编写和出具评估报告', '提供资产价值及相关事项的评估咨询服务', '参与制订资产评估技术标准、规范']",3,4,2,3,3,4,3,3,2,2,4,2,3,0,1
2-06-07-05,会展策划专业人员,从事会展项目调研、策划、运营、推广的专业人员。,"['确定会展项目主题并进行可行性研究', '策划会展项目实施方案', '实施会展项目招商、招展、赞助、预算和运营管理']",3,4,2,3,3,4,4,4,3,2,4,4,3,0,2
2-06-07-09,拍卖师,从事拍卖会和竞价活动策划、组织、主持的专业人员。,"['与竞买人、招商工作人员交流，掌握竞买意愿。', '制订拍卖会和竞价活动主持方案。', '确认起拍价、竞价阶梯和网络竞价程序。', '主持现场、网络等形式的拍卖会和竞价活动。', '管理竞价过程，进行竞买风险提示，处理竞价过程突发情况。', '签署、确认纸质或电子方式的法定拍卖文书。']",3,4,2,2,3,3,4,3,3,1,4,3,4,0,2
2-06-08-01,人力资源管理专业人员,从事企事业单位人力资源规划设计、招聘配置、培训开发、绩效考核、薪酬福利、劳动关系管理的专业人员。,"['编制单位人力资源发展规划和年度计划，进行定员定额和工作岗位分析。', '建立人员绩效考核体系，制订标准，组织实施绩效考核。', '制订、实施单位人员招聘、甄选和配置计划。', '制订单位人员职业生涯发展规划和职业技能开发计划，组织培训活动。', '制订、实施单位人员薪酬福利和激励保障方案。', '协调、处理单位内部的劳动关系。', '进行组织文化建设。']",3,4,2,3,3,4,4,4,2,2,4,4,3,0,1
2-06-09-06,公司金融顾问,在银行及相关金融服务机构中，为企业等实体经济机构客户提供金融规划、投融资筹划、资本结构管理、金融风险防控和金融信息咨询等综合性咨询服务的专业人员。,"['研究分析宏观经济形势、产业政策及客户发展战略，指导客户制订中长期金融发展规划。', '帮助客户拓宽投融资渠道，提高金融需求匹配效率。', '分析客户资产、现金流特征，指导客户制订、调整现金管理方案。', '帮助客户优化和管理资本结构。', '指导客户识别、评估、分析金融风险，提供金融风险防控和处置建议。', '提供金融信息分析、咨询服务，指导客户与银行等金融机构接洽，帮助解决信息不对称问题。', '帮助客户建立完善投融资决策体系，提供相关政策解读服务。']",3,4,2,3,3,4,4,4,3,2,4,3,3,0,1
2-06-11-04,金融产品销售专业人员,从事金融产品设计、销售及管理咨询服务的专业人员。,"['调查、分析个人或机构投资需求, 设计金融产品;', '推介、销售金融产品;', '进行金融产品的收益与风险测算、估值分析;', '办理金融产品的开户、登记、交易、托管、结算、信息统计;', '制订并协助个人或机构实施财富管理方案, 提供金融产品咨询服务;', '评估、优化个人或机构财富管理方案;', '建立和维护客户关系.']",3,4,2,2,3,4,4,3,3,2,4,3,3,0,1
2-06-12-05,版权专业人员,从事版权登记、交易、代理、咨询服务的专业人员。,"['进行作品登记、版权合同备案、质权登记及作品保管', '进行版权咨询、法律服务', '指导版权交易和交易代理业务', '指导版权贸易业务', '指导版权评估业务', '指导版权技术应用']",3,4,2,3,3,4,4,4,3,2,4,2,3,0,1
2-07-02,法官,nan,nan,4,4,2,3,2,4,4,3,2,1,4,3,4,0,0
2-07-02-00,法官,在最高人民法院、地方各级人民法院和专门人民法院，依法行使国家审判权的人员。,"['依法审理案件', '依法参加合议庭或独任审判案件', '法律规定的其他职责']",4,4,3,3,2,4,4,3,2,2,4,2,4,0,1
2-07-10-00,社会工作专业人员,在社区、社会服务机构和社会组织中，从事社区建设、社会服务、社会组织发展等的专业人员。,[],3,4,2,2,3,4,4,4,3,2,4,3,3,0,1
2-08-04,特殊教育教师,在特殊教育机构中，专门为特殊需要学生提供教育教学服务的专业人员。,"['制定适合特殊学生的个别教育计划。', '进行教学，使用特殊教育方法与技术。', '观察、评估学生的进步并与家长、其他教师沟通。', '参与团队合作，为特殊学生提供支持与服务。', '开展教育研究，提升特殊教育教学质量。']",3,4,2,3,3,4,4,4,3,2,4,2,3,1,1
2-09-00,文学艺术、体育专业人员,从事文学、艺术和体育工作的专业人员。,[],4,4,2,2,3,3,4,4,4,2,4,1,3,1,1
2-09-02-01,音乐指挥,"运用自身手势击拍、形体语言和表情语言, 从事音乐作品创造性阐述, 并统率全体演奏者将其转化为直观音响的专业人员。","['阅读、分析和体验乐谱或总谱, 以内心听觉和艺术想象把握作品的内涵, 诠释作品并形成自身的独特理解;', '在案头分析、排练演出过程中, 通过理性设计与即兴发挥两种途径的交互作用, 逐步形成与对作品诠释及个人指挥风格相适应的形体语言与表情语言.']",4,4,2,3,3,4,4,4,3,2,3,2,4,1,3
2-09-02-10,外国乐器演奏员,从事外国传统管弦乐器、打击乐器、键盘乐器及电声乐器演奏的专业人员。,"['掌握、应用外国乐器的演奏方法和表现技巧', '理解其他国家民间作品、古典作品和现代专业创作作品及中国作曲家为外国乐器而写的作品内涵与风格，领会指挥对作品的阐释意图，进行二度创作', '作为一个独立声部或其一部分，在集体演奏中担任演奏', '在各种音乐表演形式中担任独奏与领奏']",4,4,2,3,3,3,4,4,3,2,1,0,3,1,3
2-09-03-03,电影电视摄影师,从事电影、电视摄影、摄像的专业人员。,"['依据创作剧本，进行电影、电视艺术创作的摄影阐述', '参与分镜头剧本讨论、外景场地选择、美术设计和灯光设计商议并为主要演员试镜头', '根据导演的要求，运用摄影艺术手段进行影视片影像造型']",3,4,2,2,4,3,4,4,3,1,4,1,4,1,3
2-09-04-06,服装道具师,从事舞台演出、影视片等服装道具创作和管理的专业人员。,"['根据美工造型意图，设计舞台演出、影视片等服装道具。', '监制舞台演出和影视片所需要的服装道具并组织陈设。', '组织服装道具收集、装置、置换。', '在舞台演出和影视片拍摄中，组织人员陈设、迁换服装道具。']",3,4,2,2,3,3,4,4,3,1,4,3,3,2,3
2-09-06-01,视觉传达设计人员,从事视觉传达设计的专业人员。,"['进行视觉传达设计调研', '进行视觉传达设计创意与构思', '编写视觉传达设计文案', '绘制视觉传达设计图稿', '进行视觉传达计算机辅助设计', '制作、测试视觉传达模型、样品', '选择视觉传达设计材料', '参与工艺流程制订与工艺图纸绘制']",3,4,2,2,3,3,2,3,2,1,4,1,3,0,1
2-09-07-01,教练员,在体育运动训练和竞赛中，培养、训练和指导运动员的专业人员。,"['进行运动员综合素质、职业道德规范、体育竞技规则的教育培养', '指导运动员进行技战术等专项训练，提高运动水平', '制订训练计划和参赛方案', '指导运动员进行比赛']",3,4,2,3,3,2,4,4,2,1,4,3,3,2,4
2-10-02-01,文字编辑,nan,[],3,4,1,2,3,4,2,3,2,1,4,1,3,0,0
2-10-02-06,电子音乐编辑,使用计算机等设备和工具，从事音乐创作、录音和制作的专业人员。,"['调查、分析图像、画面、歌词的音乐审美需求。', '进行广播、电视、电影、电视剧配乐。', '制作歌曲音乐伴奏。', '制作舞蹈、体操、滑冰等背景音乐。', '制作大型活动仪式背景音乐。', '制作通信、网络、动漫、游戏音乐。', '制作广告音乐。', '制作音乐教学或其他教学课件或演示等音乐。']",3,4,2,2,3,2,2,3,2,1,3,1,3,0,1
2-10-07,档案专业人员,从事档案接收、征集、整理、编目、鉴定、保管、保护、利用、编研的专业人员。,[],3,4,2,2,3,4,2,3,2,1,3,2,3,0,1
2-99-00,其他专业技术人员,指未列入2-01至2-10的专业技术人员。,nan,3,3,1,2,3,3,2,3,2,1,3,1,3,0,1
3-01-01-05,劝募员,"在慈善组织中, 从事公益慈善宣讲、募集款物、捐赠管理等工作的人员。","['宣讲公益慈善理念、价值观及相关政策法规', '收集、整理、分析慈善捐赠信息, 研究慈善需求', '制订募集方案', '与捐赠主体联合拟订捐赠协议', '跟进捐赠协议执行情况, 执行保值增值, 公开捐赠信息', '报告慈善项目执行进展情况', '组织捐赠主体等合作伙伴, 参与考察慈善项目实施', '撰写慈善项目总结报告']",2,4,1,1,2,4,4,4,3,1,4,3,3,0,1
3-01-02-02,秘书,从事文书、会议办理，并为各类办公事务处理提供服务的人员。,"['使用办公设备，处理公文和信函。', '接待来访，进行信息分流、客户分流及其他事务性工作，处理查询事项。', '安排各类会议，整理、发放会议资料。', '进行业务联系、事务处理，辅助上级决策，并随从服务。', '管理文件、档案。', '管理、使用办公设备与用品。']",2,4,1,2,2,4,4,3,2,1,4,2,3,0,1
3-01-04,社区和村镇工作人员,从事社区和村镇基层党建、劳动保障、退役军人、基层法律等事务工作的人员。,[],3,4,1,2,2,3,4,4,3,1,4,3,2,0,2
3-02-02-00,保卫管理员,"从事维护机关、团体、企业、事业单位内部治安秩序, 开展治安防范, 预防违法犯罪, 保护单位内部人员和财产安全工作的人员。","['组织制订内部治安保卫制度和防范措施', '维护单位内部治安秩序, 预防并制止违法犯罪行为', '组织保安巡逻防范工作, 发现并整改治安隐患', '组织建设并维护单位物防、技防设施', '制订突发事件应急处置预案, 组织演练']",3,4,2,2,3,3,4,4,2,1,4,3,4,2,3
3-02-03-07,森林火情瞭望观察员,在地面或空中，进行火灾瞭望和观察的人员。,"['使用监控系统等设备，瞭望、观察森林火情', '实时报告森林火情信息', '使用卫星定位、标绘系统，侦察处理火场', '提供化学灭火、机(索) 降灭火、吊桶(机载水箱) 洒水灭火等扑火建议', '使用红外探测设备，监测火情']",3,4,2,2,3,3,2,3,1,0,3,0,4,2,3
3-99,其他办事人员和有关人员,指未列入3-01至3-03的办事人员和有关人员。,无具体任务说明,2,2,1,1,2,3,3,3,2,1,3,1,2,0,1
4-01-03,贸易经纪代理人员,从事贸易经纪和代理业务的人员。,为客户提供贸易信息，协助进行贸易谈判和交易。,3,4,1,2,3,3,4,4,3,2,4,2,3,0,1
4-01-02-06,连锁经营管理师,使用连锁经营管理工具，进行业态定位、品类管理、营销企划、顾客服务、视觉营销等门店运营业务管理工作的人员。,"['设计连锁体系，厘清总部与门店权责，规划门店运营模式;', '分析门店经营数据，制订经营目标与计划并组织实施;', '调研商圈特征，拓展新门店，进行业态定位与品类结构调整;', '进行商品进货、销售和储存，策划门店促销活动并组织实施;', '设计门店动线，负责布局规划与商品陈列的落实;', '设计门店服务体系，培训、激励一线营业人员，做好顾客服务工作;', '维护门店外围关系，处理门店管理相关事务;', '管控门店日常运作，对门店业绩进行评估与优化;', '组织门店及商品管理安全自查.']",3,4,2,2,3,3,4,4,2,1,4,4,3,0,2
4-01-05,社会生产服务和生活服务人员,进行无利用价值废弃物的环保处理等。,"['出售单位与个人的证明、证件和物品规格等。', '点数、检重、验级。', '区别单价，计算应付款项，结算、付款。', '发现、辨别回收物品的文物价值，移交相关管理部门。', '鉴别、区分回收物品的品种、规格、等级。', '使用工具，剪切、破碎、压块、堆放回收品。', '处理、保管、移交易燃易爆、含毒、密闭件等危险品。', '进行无利用价值废弃物的环保处理。']",3,4,2,2,2,3,3,3,2,0,3,1,2,4,3
4-02-01-03,铁路车站客运服务员,从事铁路旅客运输计划的编制、实施，组织、提供旅客购票、安检、候车、乘降服务工作的人员。,"['编制、调整日班客运计划，分配和调整车票票额。', '调查分析客流，提出增减车辆、增开或停运列车的建议。', '办理旅客购买、改签车票(含电话、网络购票)及退票。', '组织旅客进站、候车、乘降，办理进出站检票、补票。', '检查旅客携带的违禁物品，处理违章乘车人员。', '维护候车厅、站台、股道卫生环境。', '接发列车，为列车上水、补水，办理站车交接。', '处理旅客问询、投诉及突发事件。']",2,4,1,1,2,3,4,3,2,1,4,1,3,2,3
4-02-02-05,道路运输调度员,nan,[],3,4,1,2,3,3,4,4,2,1,4,3,4,0,1
4-02-02-07,机动车驾驶教练员,使用机动车辆及辅助教学设备，为培训对象传授道路交通安全知识和安全驾驶技能的人员。,"['使用多媒体教学设备、互动教学磁板等教学手段，进行理论教学活动。', '按照培训教学与考试大纲进行道路交通安全、基础驾驶操作规范和场地驾驶知识教学。', '使用机动车教学车辆、驾驶模拟器、教练场地、公共道路及交通设施，进行实际驾驶教学活动。', '进行安全文明驾驶意识和习惯培训。']",3,4,1,2,3,3,4,3,2,0,4,1,3,1,3
4-02-04-01,民航乘务员,从事民用航空器客舱安全管理和旅客服务工作的人员。,"['检查机上客舱安全设施设备', '引导旅客就座并核对人数，介绍乘机的安全常识及机上安全设施设备', '检查航班携带的服务供应品、食品、饮料、餐食的质量和数量，以及客舱卫生及供水情况', '为婴儿、孕妇、伤残旅客、老年旅客、限制性旅客等提供适当的服务', '使用客舱内的紧急救护设施设备，为旅客提供适当的紧急医疗救护，出现紧急情况时，采取应急措施帮助旅客安全撤离']",3,4,2,2,3,3,4,4,3,3,4,2,3,2,4
4-02-04-05,机场场务员,从事民用机场跑道道面状况评估和报告、飞行区道面及场地巡视和维护、鸟击防范及机场净空巡查等工作的人员。,"['评估和报告机场跑道道面状况', '进行机场飞行区道面清除冰雪等作业', '巡检和维修机场飞行区道面', '巡检和维护机场飞行区土面区', '维护机场及周边生态，进行鸟击防范作业', '巡视检查机场净空保护区域']",3,4,2,2,2,3,2,3,1,1,3,0,3,3,4
4-02-06-03,物流服务师,nan,[],3,4,2,2,3,2,4,4,2,1,4,3,3,1,2
4-02-07-02,邮件分拣员,负责邮件的分类与分拣工作的人员。,[],2,3,1,1,2,3,1,3,1,0,3,0,3,3,4
4-02-07-02,邮件分拣员,从事邮件总包接收、开拆和邮件分拣、封发处理的人员。,"['接收、验视、开拆大陆、台港澳和国际邮件总包', '检查邮件的规格和资费，处理不合规格邮件', '送交需海关查验或验关的邮件，批译国际邮件名址', '分拣函件、包裹等邮件', '制作封发清单、路单和袋牌，选择容器封装邮件', '平衡合拢邮件，交发邮件总包', '缮发验单和复验，归档业务单式']",2,4,1,1,2,3,2,3,1,2,4,0,3,3,3
4-02-99,其他交通运输、仓储物流和邮政业服务人员,指未列入4-02-01至4-02-07的交通运输、仓储物流和邮政业服务人员。,nan,3,3,1,1,2,2,3,3,2,1,3,1,2,3,3
4-03-02-02,中式面点师,在餐饮服务场所，制作中式面点的人员。,[],2,4,1,2,3,2,3,3,2,1,3,0,2,3,3
4-03-02-09,调酒师,nan,[],2,4,1,1,2,2,4,3,4,1,4,1,3,2,3
4-03-02-09,调酒师,在酒吧或餐厅等场所，进行酒水配制、销售及调酒技艺展示工作的人员。,"['补充酒水和调酒所需辅料、装饰物', '清洁酒吧，消毒调酒用具', '装饰酒吧、陈设酒水', '设计酒品调制方案，调制混合酒、鸡尾酒或时令饮品', '进行调酒技艺表演', '展示、推介酒店的特色饮品', '进行酒吧日常管理与核算']",3,4,2,2,2,2,4,3,4,1,4,3,3,2,3
4-04-02,信息通信网络维护人员,从事信息通信网络系统安装、调测、检修、维护和故障处理等工作的人员。,[],3,4,2,3,3,4,3,4,2,1,3,2,3,1,3
4-04-03,广播电视传输服务人员,从事有线和无线广播电视信号传输服务工作的人员。,[],3,4,2,3,3,3,2,3,2,1,4,1,3,1,2
4-04-04-03,信息通信信息化系统管理员,从事信息通信信息化系统和通信业务支撑系统使用、维护和管理等工作的人员。,"['监控、日常维护和管理信息通信信息化系统、信息通信支撑系统等', '排除系统运行故障', '管理、维护信息通信信息化系统和通信业务支撑系统', '存储、更新系统数据', '实施系统备份、安全防护、灾害防范等安全措施', '处理系统应急突发事件']",3,4,2,3,3,4,2,3,1,1,3,3,3,0,1
4-04-05-06,区块链应用操作员,nan,[],2,4,1,2,4,3,2,3,2,1,3,0,3,0,0
4-05-03-04,保险经纪人,在保险经纪机构中，为客户拟订投保方案、办理投保手续、协助索赔、再保险经纪等业务的人员。,"['提供风险调查分析，协助客户识别和衡量风险，提出风险管理建议。', '设计保险方案，提供市场询价或投保安排，与保险公司就保险费率及保险条件等进行谈判。', '协助保险公司进行再保险安排，寻找合适的再保险公司，向原保险公司和再保险公司提供资料及分析结果。', '代表客户向保险公司索赔，协助客户准备索赔资料，办理相关理赔手续。', '回访客户，提供保险经纪服务期内的咨询、定期风险回顾、防灾防损指导等服务。']",3,4,1,2,3,4,4,4,3,2,4,2,3,0,1
4-06-01-03,停车管理员,从事公共停车区域汽车停放管理及收费的人员。,[],2,3,1,1,2,3,4,3,2,1,4,2,3,2,3
4-07-01-01,汽车租赁业务员,从事汽车租赁业务的人员。,"['收取押金和租金', '开具租赁票据，交接租赁物品，提供租后服务', '维护、保养、保管待租物品', '填报租赁工作记录', '进行客户档案登记、整理，建立、管理客户档案']",2,4,1,1,2,3,4,3,2,1,4,2,2,1,3
4-07-03-02,劳动关系协调师,从事劳动保障法律法规宣传、用人单位劳动标准和劳动规章制度制订、劳动合同管理、参与集体协商、劳资沟通、劳动争议预防与处理等工作的人员。,"['宣传劳动保障法律法规，依据国家、地方、行业劳动标准制订用人单位劳动标准，并进行实施过程管理', '依法设计劳动合同管理制度和选择用工形式，起草各项劳动合同相关文本，办理劳动合同订立、履行、变更和终止、解除的手续', '代表一方参与集体协商，订立集体合同，开展履行集体合同的活动', '依法制订用人单位劳动规章制度并监督实施', '设计劳资沟通策略，组织劳资沟通协商活动和召开职工代表大会，监督落实职代会决议和协商决定事项，建立职工董事监事制度', '设计用人单位劳动关系预警机制和劳动争议预防策略，处理员工申诉，组织劳动争议的协商和调解，代表当事人一方参与劳动争议仲裁和诉讼活动，依法处理用人单位劳动关系群体性突发事件']",4,4,2,3,3,4,4,4,3,1,4,3,3,0,1
4-07-04-05,公共游览场所服务员,在公园、影剧院、礼堂、博物馆、展览馆等公共游览场所，为顾客提供综合服务的人员。,"['公布游乐、公映、演出、展览等活动项目内容、时间安排.', '售票、检票.', '提供游览信息咨询等服务.', '管理、操作、维护游乐、游艺设施及其他公共设施.']",2,4,1,1,2,3,4,4,3,1,4,2,3,2,4
4-07-06-03,市场管理员,在商品集贸市场中，从事市场经营秩序组织、协调、管理工作的人员。,"['依法报告市场开业情况;', '出租市场摊位, 收取租金;', '审查食品集中交易市场的入场食品经营者资质;', '检查并维护市场经营环境、卫生及安全;', '检查物价, 防范假冒伪劣产品入市;', '监督摊商公平交易, 协调摊商纠纷;', '查报市场整修事项.']",3,4,2,2,2,3,4,4,2,1,4,4,3,1,3
4-08-02-01,海洋水文气象观测员,在沿海、岛屿、平台的海洋观测站，进行海洋水文气象要素观测、资料处理和数据传输作业的人员。,"['使用验潮仪，进行潮位、潮时观测，填写潮汐观测记录簿。', '使用岸用光学测波仪，进行波形、周期、波高的观测和记录。', '使用表层水温表、盐度计等设备，测定表层海水温度、盐度并进行记录。', '观测和记录海冰的冰量、冰形、浮冰密度、漂流方向等特征。', '使用风速风向观测仪、气压计等仪器设备，观测和记录风向、风速、气压、温度、湿度和降水量等要素。', '观测和记录海面有效能见度和雾。', '根据观测数据，编制海洋站海洋水文气象情报报文，进行数据处理和传输。', '维护保养观测仪器和传输设备。']",3,4,2,2,3,3,1,3,1,1,3,0,2,2,3
4-08-03-07,无人机测绘操控员,负责操控无人机进行测绘工作的人员。,[],3,4,1,2,4,3,2,3,2,1,3,0,3,1,2
4-08-04-02,地理信息建模员,利用现状资料和辅助资料制作地理信息模型。,['制作地理信息二维、三维和实景空间模型'],3,4,2,2,3,3,2,3,2,1,3,1,3,0,0
4-08-05-09,建设工程质量检测员,从事建设工程的质量检测工作。,[],3,4,2,2,3,4,3,4,2,1,4,0,2,1,2
4-08-05-09,建设工程质量检测员,从事新建、扩建、改建房屋建筑和市政基础设施工程质量检测，对建筑材料、构配件、工程实体的质量及使用功能等进行测试的人员。,"['识读检测方案，确定检测工艺，准备检测设备和工具。', '使用超声波测试仪、低应变动测仪、锚杆拉拔仪等检测设备和工具，检测地基及复合地基承载力静载、锚杆锁定力、桩的承载力和桩身完整性等地基基础工程项目。', '使用钢筋探测仪、混凝土回弹仪、非金属超声波检测仪、拉拔仪等检测设备和工具，现场检测混凝土、砂浆、砌体强度、钢筋保护层厚度、混凝土预制构件结构性能和后置埋件的力学性能等主体结构工程项目。', '使用幕墙测试系统、相容性试验箱等检测设备和工具，检测建筑幕墙的气密性、水密性、风压变形性能、层间变位性能和硅酮结构胶相容性。', '使用超声波探伤仪、万能材料试验机、扭矩测试仪等检测设备和工具，检测钢结构焊接、防腐及防火涂装、结构节点、紧固标准件及高强度螺栓力学性能、钢网架结构的变形等钢结构工程项目。', '使用搅拌机、恒温恒湿箱、试验机、混凝土抗渗仪、液限塑限联合测定仪等检测设备和工具，对进入施工现场的水泥、钢筋、砂、石、混凝土、预应力钢绞线沥青等建筑材料、构配件进行见证取样检测检验，并进行简易土工试验。', '分析检测数据，提供检测结果报告。']",3,4,2,2,3,4,2,3,1,0,2,0,3,2,3
4-08-08-03,家用纺织品设计师,nan,[],3,4,2,3,3,3,3,4,2,1,4,1,2,0,1
4-08-08-13,陶瓷产品设计师,nan,[],3,4,2,3,3,3,2,3,2,1,3,2,3,0,1
4-08-08-23,建筑信息模型技术员,nan,[],3,4,2,2,3,4,2,3,2,1,3,1,3,0,1
4-08-08-003,地质采样工,nan,[],3,4,1,2,2,3,2,3,1,0,3,0,2,4,3
4-08-08-12,家具设计师,从事工业化生产或个性化定制家具设计的人员。,"['根据建筑空间和环境，运用物质技术和艺术手段，进行家具产品创意设计，制作模型样品。', '绘制家具产品的立体效果图、结构拆装图、设计草图和施工图。', '制订生产工艺流程。', '进行设计阶段成本控制。', '组织、协调产品设计工作。', '制订企业的产品质量标准与规范。', '进行家具的卖场设计、展览设计和品牌设计。']",3,4,2,3,3,4,3,4,2,1,4,3,3,0,2
4-08-08-22,建筑幕墙设计师,从事建筑幕墙及类似幕墙的装饰表皮创造，绘制幕墙或类似幕墙的装饰表皮图纸的人员。,"['研究制订设计建筑幕墙系统、风格、结构和分格方式，确定设计材料、造价费用和建造时间', '组织结构、力学、材料、热工、光学、声学等技术资料，绘制建筑幕墙设计图', '设计幕墙构件生产和板块组装工艺及其模具，设计幕墙构件生产和板块组装过程检验试验验收准则', '组织设计建筑幕墙的安装方法和工艺，核定施工便捷性和幕墙安全性', '制订建筑幕墙产品的检测方案，指导检查幕墙施工作业']",3,4,2,3,3,4,3,4,2,2,3,2,3,0,1
4-08-09-02,冲印师,使用胶片冲印器材和数码输出设备，制作、输出照片的人员。,"['配置显影、定影液，冲洗黑白、彩色负片和反转片等胶片；', '操作印相机、放大机等设备，冲洗、放大胶片影像，制作黑白、彩色照片，复制正负系统底片，修整底片、照片，进行照片着色；', '使用工具或计算机，进行胶片或数码照片色温控制、色彩平衡、色彩还原等整修处理；', '操作印相机、放大机、镜头、喷墨打印机、干式扩印机、数字印刷机、热转印刷机等设备，设定数码输出设备的工作参数、调整频道、校正，印制数码照片；', '评价、判断照片及数码底片的质量；', '检查、清洁、维护保养冲印设备和器材。']",3,4,2,2,3,2,2,3,1,0,3,0,2,1,2
4-09-05,自然保护区和草地监护人员,nan,[],3,4,1,2,2,3,3,4,2,1,3,2,2,3,4
4-09-01-03,水工土石维修工,"使用工具、设备等, 检修维护土石堤坝等土石工程, 预防、修补和加固处理风化裂缝、渗透、变形等病害的人员。","['检查、处理土石堤坝的塌坑、裂缝、管涌、流土、滑坡等破坏情况;', '挖掘探坑、探槽、探井, 检查防渗体质量, 并回填恢复;', '加固、修补土石护坡;', '排查土石工程运行中的险情及隐患;', '维护保养土石维修仪器设备.']",3,4,2,2,2,3,2,3,1,0,2,0,2,4,3
4-09-05,自然保护区巡护监测员,从事自然保护区野外生态环境巡护、监测、检查、数据收集管理、联络沟通等工作的人员。,"['监测、记录、报告自然保护区内物种以及气象、水文、土壤等环境因子变化情况。', '检查、监管出入自然保护区的人员、车辆。', '普及防火、消防安全、资源保护知识，规范访客行为。', '维护自然保护区内的设施、设备。', '收集自然保护区及周边社区的情况，沟通信息，提供咨询。']",3,4,2,2,2,3,4,3,2,1,4,2,3,3,4
4-09-07-02,工业固体废物处理处置工,从事工业固体废物收集、储存、处理、利用和处置工作的人员。,"['使用包装容器和运输工具, 将固体废物收集和运输到处理处置场所;', '操作水平式压实器、三向垂直式压实器等设备, 进行固体废物压实;', '操作颚式破碎机、锤式破碎机等设备, 破碎固体废物;', '操作振动筛、滚筒筛、磁选机等设备, 分选固体废物;', '操作水泥、石灰、沥青、化学试剂，从中提取各个小类的信息.']",3,4,2,2,2,2,1,3,1,0,3,0,1,4,4
4-09-10-03,盆景师,nan,[],2,3,1,2,2,2,2,3,2,0,3,1,2,2,3
4-10-01-01,婴幼儿发展引导员,在家庭及相关机构、活动场所，从事3岁以下婴幼儿早期发展引导、家庭日常生活照护等，并对婴幼儿照护者提供养育指导或咨询服务的人员。,"['指导孕期夫妇了解孕期营养需求，依孕期生理、心理及角色变化，营造适宜的胎儿激励环境。', '指导婴幼儿看护人了解0～3岁婴幼儿发展发育标准，使用测评工具，检测婴幼儿发育指标。', '帮助婴幼儿看护人掌握养育理念，分析养育情况，提供改善建议，并进行婴幼儿家庭日常生活照料、护理。', '帮助婴幼儿看护人掌握喂养知识，指导婴幼儿的营养补充。', '在婴幼儿家庭等地布置适宜环境，组织开展婴幼儿游戏，并提供互动示范。', '实施婴幼儿应急救援，指导婴幼儿看护人规避婴幼儿安全风险。']",3,4,2,2,2,3,4,4,2,1,4,1,3,1,3
4-10-02-05,织补师,使用织补针、织补圈等专用工具和手工技能，对破损衣物，依其原色、原纱、原结构进行修复的人员。,"['分析织物的组织结构;', '辨别织物经、纬纱的捻向、捻合度和紧密度;', '抽取原织物上的纱线用于织补;', '根据破洞形状、组织特点确定织补法;', '进行织补部位的绷织补圈;', '采用隔针、加针等技术，排纬纱和经纱，织补破损部位;', '修整织补部位;', '熨烫织补部位，使织物接近原貌.']",2,4,1,2,2,2,1,1,1,0,2,0,2,2,2
4-10-05-01,婚介师,利用信息网络，提供婚姻伴侣找寻服务工作的人员。,"['收集、登记、核实客户信息。', '咨询、了解、登记客户择偶意向。', '展示“准客户”，并与其他注册会员进行联系。']",3,4,1,2,3,4,4,4,3,1,4,2,3,0,1
4-10-06-03,遗体火化师,从事遗体、遗骸火化及骨灰处理等殡葬服务工作的人员。,"['核对、录入待火化的遗体或遗骸信息', '操作火化设备，火化遗体或遗骸', '收集、整理、装殓或处理骨灰', '维护、检测、保养火化设备']",3,4,2,2,2,3,2,3,1,0,3,1,2,3,3
4-11-01-03,综合能源服务员,从事客户用能情况诊断，综合能源方案策划，并组织实施和运维管理的人员。,"['分析、预测、开发综合能源市场', '对接客户，梳理客户能源使用需求，使用能效诊断技术分析客户用能效率等情况', '调查客户项目外部能源环境', '分析项目的内外部情况及冷、热、电、气等多种能源供应、使用以及能效等状况，策划、制订综合能源利用节能降耗方案', '按客户委托，进行项目工程建设的启动、计划、组织、执行、控制管理，验收新投入和检修后的设备', '巡视、检查、维护综合能源系统及其附属设备，处理设备异常及故障，填写运行日志和技术记录']",3,4,2,3,3,4,4,4,2,1,4,3,3,1,2
4-12-01-03,电池及电池系统维修保养师,使用工、夹、量具和仪器仪表、检修和均衡等设备，评估、维护、拆装、修理、故障修复、报废、拆解，重新匹配组装和调试电池及电池系统的人员。,"['安装调试工艺装备，准备维护修理和拆装等工具、设备，检查工作环境。', '使用专用工具和设备，进行电池及电池系统功能检测、电子功能维护、拆装、替换修理、故障排除、电性能维护、整体安全性评估。', '使用电池及系统功能检测等设备，进行电池及电池系统的健康评估、功能检测评估、报废和残值评估。', '维护电池维修保养的工、夹、量具和仪器仪表、检修和均衡等设备，排除故障。', '使用专用工具和设备，进行电池及电池系统拆解、重新匹配与调试。', '执行工艺规范、填写维修记录并清洁作业场地。']",3,4,2,2,3,3,2,3,1,0,3,1,3,3,3
4-12-04-01,自行车与电动自行车维修工,使用工具、辅助装置及仪器仪表等，修理、调试和检测自行车、电动自行车及其他非机动车辆的人员。,"['检查送修车辆的故障及损坏程度。', '根据修理情况、更换的部件确定修理价格。', '使用工具、辅助装置及仪器仪表等，修理送修车辆，更换零部件。', '安装、调试和检测修复后的车辆。']",3,4,2,2,2,3,3,2,1,0,3,0,2,3,3
4-13-01-01,群众文化指导员,"从事群众文化艺术传授、文艺表演和创作指导, 搜集、整理和开发民间文化艺术等工作的人员。","['对参加群众文化活动的人员进行咨询与指导;', '进行群众文化活动专业能力辅导;', '策划、组织、实施群众性文化活动;', '管理和使用群众文化活动场地、设备、器材、服装、道具等;', '搜集、整理和开发利用民族民间文化艺术遗产.']",3,4,2,2,3,3,4,4,3,1,4,3,2,1,2
4-13-02-02,动画制作员,从事影视动画中间画绘制、描线上色、音乐音效、数字特效、后期合成、影像编辑等制作工作的人员。,"['绘制二维、三维、定格等动画中间画;', '依动画片稿对复描线条和颜色设计的要求, 使用计算机上描线、上色;', '制作动画音乐音效、数字特效, 并进行后期合成、影像编辑等.']",3,4,2,2,3,3,2,4,2,1,3,0,3,0,0
4-13-03-02,文物修复师,从事文物现状调查、本体价值研判，保存状况分析，进行文物加固、清洗、粘接、补配、协色等维护修缮工作的人员。,"['进行文物基本信息调查与采集、病害调查与评估、保存环境调查与评估。', '分析文物本体材质、制作工艺，并进行价值研判。', '开展相关实验室与现场试验，编写保护修复方案。']",3,4,2,3,3,4,2,3,1,1,3,1,3,1,2
4-13-04-10,陶瓷、玻璃文物修复师,专门从事陶瓷和玻璃文物的修复工作的人员。,[],4,4,2,3,3,4,2,3,2,1,3,1,3,1,2
4-13-04-20,钟表文物修复师,专门从事钟表文物的修复工作的人员。,[],4,4,2,3,3,4,2,3,1,1,3,1,3,1,2
4-14-02-01,营养师,"从事人群或个人膳食营养状况和食品营养测定和评价, 膳食指导和评估, 社区营养管理, 传播营养、平衡膳食与食品安全知识等社会公共健康服务的人员。","['运用膳食调查、人体体格测量、身体活动量测定、实验室检测等方法，进行特定人群或个体营养状况评价，并提供指导。', '运用食物摄入量调查、膳食营养素摄入量计算、膳食营养分析和评价等方法，进行人群或个人的膳食结构营养评价、管理和指导。', '测定营养素和食物需要量，编制和调整食谱，进行食物营养评价和食物选购指导。', '提供营养与食品安全知识咨询。', '收集营养与健康信息，建立和管理营养与健康档案，设计和实施营养和运动干预方案，进行社区健康教育和营养干预。']",3,4,2,3,3,4,4,4,3,2,4,3,3,0,1
4-14-03-03,眼镜验光师,nan,[],3,4,2,3,3,4,4,3,2,1,4,1,3,0,1
4-14-03-06,康复辅助技术咨询师,使用康复辅助器具，为身体功能障碍者提供辅助技术咨询、转介、评估、方案设计、应用指导等服务的人员。,"['进行功能障碍者康复辅助器具咨询与服务转介。', '评估功能障碍者的身体结构和功能、活动和参与、环境因素以及个人因素，提出康复辅助器具配置方案、个人和公共环境改造方案。', '指导实施康复辅助器具配置方案、个人和公共环境改造方案。', '指导功能障碍者使用康复辅助器具，并进行效果评价。', '进行功能障碍者康复辅助器具保养和简单维修知识及简易康复指导服务，随访用户。', '开展社区居民的康复辅助器具技术服务科普和宣教。']",3,4,2,2,3,4,4,3,2,1,4,2,3,1,2
4-14-04-04,社群健康助理员,从事社群健康档案管理、宣教培训，就诊和保健咨询、代理、陪护及公共卫生事件事务处理的人员。,"['运用互联网共享卫生健康资源，提供健康咨询、培训、代理、监护及网约就诊、保健等服务', '为社群成员建立健康档案，采集、上报健康风险因素及公共卫生健康信息', '为社群成员提供健康探访、体检、就诊、转诊等代理或陪护服务', '为患者提供预约挂号、缴费、取药、办理住院手续等协助服务', '为有养生、体检、心理咨询等健康需求的社群成员推荐机构及技师，提供预约、出行陪护及接送等服务', '开展社群卫生健康防护，协助开展爱国卫生运动，组织社区环境卫生整治、健康科普、群众动员工作，提供消毒、清洁、送药、看护等防疫及生活保障服务，协助相关物资的登记、统计、购置、发放等工作', '利用互联网技术参与公共卫生事件的健康预警、监视']",3,4,1,2,3,3,4,4,2,1,4,2,3,1,2
4-14-05-06,电子竞技运营师,从事电子竞技组织活动及内容运营的人员。,"['进行电竞活动的整体策划和概念规划，设计并制订活动方案。', '维护线上、线下媒体渠道关系，宣传、推广、协调及监督电竞活动主题和品牌。', '分析评估电竞活动商业价值，确定活动赞助权益，并拓展与赞助商、承办商的合作。', '协调电竞活动资源，组织电竞活动。', '制作和发布电竞活动的音视频内容，并评估发布效果。', '提供电竞活动总结报告，管理档案。']",3,4,2,2,3,4,4,4,3,2,4,3,3,0,1
111102,畜牧师,专注于牲畜的养殖与管理，确保其健康和生产性能。,"['制定饲养计划', '进行健康检查', '防治疾病', '记录和分析生产数据']",3,4,2,2,3,3,3,4,2,1,4,3,2,3,3
5-01-02-01,农艺工,使用耕种、灌溉等农机具，耕整田地、改良土壤、栽培和收获农作物的人员。,"['使用耕作机具，耕整、改良农田土壤。', '使用育苗设施和器具，选择、消毒、浸泡、翻拌种子，培育大田种苗。', '使用播种、栽插机具或人工方式，播种或移植种苗。', '使用耕作机具，进行中耕、除草等作业。', '使用灌溉、喷洒机具，浇水、施肥、施药。', '使用收获机具或人工，收割、采摘大田收获物。', '清理、运送秸秆等剩余废弃物，或处理后还田。', '维护保养农机具。']",3,4,1,2,2,2,1,3,1,0,2,0,2,4,4
5-02-01-00,林草种苗工,"使用耕整、嫁接、植物组织培育工具和设备, 培育、生产林草种子、种条、种苗的人员。","['调查林草种源, 预测种实和林草种条产量;', '采集、调制、检验及储藏林草种子和植物组织;', '进行母树林、种子园、采穗圃、苗圃的标准地的打桩、划线、调查和记录;', '耕整苗圃, 播种或扦插, 嫁接苗木或采用植物组织培养技术培育种苗;', '除草、松土、施肥、打药、灭菌, 防治林草种苗常见的病、虫、鸟、兽害等;', '检验、出圃, 假植或移植苗木.']",3,4,2,2,3,3,2,3,1,0,3,1,2,3,3
5-02-99,其他林业生产人员,指未列入5-02-01至5-02-04的林业生产人员。,"['将采伐木推入河道，进行赶漂', '编扎便于人力或轮拖运送的原木木排，进行河道放排', '整治河道', '收储出绠流送的木材，进行收漂工程的施工', '操作纵、横向出河机，进行木材的出河作业', '维护、保养出河机和收漂设施']",3,4,1,1,2,2,2,4,1,0,2,0,2,4,3
5-03-03-02,实验动物养殖员,nan,[],3,4,1,1,2,3,2,3,1,1,3,0,2,3,3
5-04-02,水产养殖人员,nan,[],3,4,1,1,3,2,2,3,2,1,3,2,2,3,3
5-04-02-02,水生植物栽培工,"使用池塘、大田、筏架等设施, 栽培、收获水生植物的人员。","['检查、维修、清整、消毒池塘和筏架等设施、设备及工具;', '挑选、运送苗种, 栽插、移植苗种;', '观察生长情况, 分苗、除杂草(藻), 预防病虫害;', '调配和施用肥料, 调节水位(深度), 控制水质;', '收获水生植物, 计数、包装、运送;', '整理、晾晒、初加工水生植物.']",3,4,1,1,2,2,2,3,1,0,3,0,2,4,4
5-05-03,农村能源利用人员,nan,[],3,3,2,2,3,2,3,3,2,1,3,2,2,3,2
5-05-02-03,动物疫病防治员,从事动物疫病预防、控制，患病动物治疗、护理，应急处置动物疫情的人员。,"['编制、实施动物疫病预防免疫方案和计划。', '保管兽用疫苗、兽药、兽用医疗器械、溯源设备，统计使用情况。', '施用动物疫苗，为动物免疫并加挂标识，填写免疫档案。', '检查动物饲养厩舍卫生，消毒、杀菌，驱除动物寄生虫。', '采集动物组织样本，包装和运送动物。']",3,4,2,2,3,3,2,4,1,0,3,2,3,3,3
5-05-03-05,小风电利用工,使用施工设备和安装工具，安装、调试、运行维护单机功率100千瓦及以下的风力发电或风光互补发电系统的人员。,"['识读小型风力发电或风光互补发电系统施工图，选购发电系统所需设备，准备施工材料和安装工具；', '建造小型风力发电或风光互补发电系统基础工程；', '安装、调试小型风力发电或风光互补发电系统；', '指导用户使用小型风力发电或风光互补发电系统；', '进行小型风力发电或风光互补发电系统的售后服务、维修、管理；', '记录发电量，进行电量计价和电价结算。']",3,4,1,2,3,4,3,3,2,0,3,2,2,3,3
5-05-06-03,热带作物初制工,使用加工设备和工具，加工剑麻、橡胶等热带作物初级产品的人员。,['查看热带作物初级原料，进行检验'],2,4,1,1,2,3,1,3,1,0,3,0,2,4,3
6104,设备维修工,负责生产设备的维护和修理，确保设备正常运转。,"['进行设备的定期检查', '及时排除设备故障', '记录维修情况', '协助设备改进方案的实施']",3,4,2,2,3,3,2,3,1,0,3,1,3,3,3
GBM 60900,文教、工美、体育和娱乐用品制造人员,涉及文教、工艺美术、体育及娱乐用品的制造。,负责相关产品的设计、制造和质量检查。,3,4,2,2,3,3,2,3,2,1,3,1,3,2,2
GBM 61900,金属制品制造人员,专注于金属制品的制造与加工。,负责金属制品的设计、制造与检验。,3,4,2,2,3,3,2,3,1,0,3,0,2,3,3
GBM 62900,建筑施工人员,从事建筑工程施工的相关工作。,负责建筑项目的现场施工与管理。,3,4,2,2,3,3,3,4,2,0,3,3,2,4,4
6-01-04-01,畜禽屠宰加工工,"使用致昏、分割等屠宰设备和工具, 加工生鲜、冷却或冷冻畜禽肉产品的生产人员。","['检查畜禽来源证明和健康状况, 识别品种, 称量体重, 分组入圈, 管理待宰畜禽;', '使用专用设备或工具, 将猪致昏、放血、打毛、开膛、劈半, 整理副产品, 将胴体分割后进行冷却或冷冻并将产品包装、入库;', '使用专用设备或工具, 将牛羊致昏、放血、剥皮、开膛、劈半, 整理副产品, 将胴体分割后进行冷却或冷冻并将产品包装、入库;', '使用专用设备或工具, 将家禽致昏、放血、去毛、开膛, 整理副产品, 将胴体分割后进行冷却或冷冻并将产品包装、入库;', '识别畜禽的品种和营养状况, 计算宰后胴体的出品率, 判定胴体和分割肉的质量等级;', '运用感官或使用仪器, 测定屠宰分割过程中肉品的质量指标, 控制加工技术参数, 纠正偏差;', '操作专用设备, 急宰或无害化处理体弱、有害的畜禽;', '配制消毒液剂, 进行生产环境、设备工具和人员的消毒处理.']",3,4,2,2,2,2,1,2,1,0,2,1,3,4,4
6-01-07-03,豆制品制作工,操作清理、粉碎、烘干、浸泡、分离、脱水等设备，加工处理大豆等豆类原料，制作豆制品的人员。,"['操作筛选、除尘、烘干、计量等设备，去除大豆等豆类的杂质，烘干、计量、配制原料', '操作泡料、细磨、挤浆、离心、煮浆等设备，浸泡、磨制豆类原料，分离豆浆、豆渣，煮浆', '将盐卤或石膏等凝固剂加入豆浆中，点浆，制取凝胶，压制脱水，制成豆腐', '操作压榨机、切块机、熏炉等设备，制作豆干、豆片、熏制品等', '在豆腐上接种菌种，发酵、腌制，加卤汤制作腐乳', '操作包装机、封口机等设备，包装成品', '清洗、维护保养生产、包装设备及器具，填写生产记录']",3,4,1,1,2,2,1,3,1,0,3,0,2,3,3
6-02-03-03,罐头食品加工工,操作专用加工和辅助设备，将农副产品加工成罐头食品的人员。,"['操作洗涤、分级、去皮、拆骨等设备，进行罐头食品原料预处理。', '进行预处理后的原料调味配料，采用预煮、油炸、浓缩或浸渍、斩、拌等方法制成罐头食品的半成品物料。', '操作设备，进行包装容器或包装材料灭菌。', '操作设备，将调味的食品物料及汤汁定量充填入包装容器或包材，进行封口。', '操作杀菌器等设备，进行封口的罐头食品杀菌、冷却、干燥和成品包装。', '操作设备，进行高温杀菌后的调味食品物料及汤汁定量无菌包装。']",2,4,1,2,2,3,1,3,1,0,2,0,2,3,3
6-02-05-06,柠檬酸制造工,操作原料处理、发酵、提取、干燥等设备，采用微生物菌种发酵工艺，将淀粉质、糖蜜或葡萄糖等原料制成柠檬酸产品的人员。,"['制备微生物发酵生产柠檬酸的菌种', '操作磨粉设备，粉碎原料，进行液化糖化处理', '使用调浆罐、蒸汽喷射器、板式换热器、发酵罐等设备或装置，进行物料消毒灭菌，制备醪液', '控制发酵罐中微生物生长培养条件进行发酵', '操作过滤、中和等设备，将发酵液液固分离制成清液，对清液预热，制备柠檬酸钙盐', '操作酸介反应器、过滤器等设备，对物料加热、过滤、洗涤，制备酸介清液', '操作离子交换柱，去除阴阳离子杂质，制备柠檬酸液', '操作多效蒸发器、结晶罐、离心机等设备，制成柠檬酸结晶', '操作设备，干燥和筛分湿晶，包装产品', '对发酵生产原料及工艺设备进行消毒灭菌', '在线监测发酵过程、半成品及成品质量']",3,4,2,2,2,3,1,3,1,0,2,1,2,3,3
6-02-06-08,麦芽制麦工,nan,[],3,4,1,2,2,2,1,3,1,0,2,0,2,4,3
6-02-06-05,黄酒酿造工,以谷物为原料，进行酒药、麦曲等多种微生物的糖化发酵，酿造黄酒的人员。,"['分离和筛选黄酒药的微生物', '分离、筛选、复壮、保管和培养黄酒生产中使用的糖化菌种', '操作筛选、浸泡等设备，进行谷物等原料预处理', '操作蒸煮机，对物料进行蒸煮、摊饭', '使用设备及手工，将熟料送入前酵罐、后酵罐进行发酵', '操作压榨机、过滤机等设备，对后酵成熟的混浊液进行固液分离', '对分离出的液体进行澄清、精滤、灭菌', '对热灭菌的黄酒清酒进行入坛、封缸、陈化', '按照配方对黄酒半成品或黄酒成品进行掺混和调配', '清洗容器，操作设备，进行成品黄酒灌装、封口、贴标和装箱']",3,4,1,2,2,2,2,3,1,0,3,1,2,3,4
6-03-02-01,烟用二醋片制造工,操作二醋片生产设备，制造二醋酸纤维素片并回收提纯稀醋酸的人员。,"['操作粉碎、研磨等设备，粉碎木浆粕卷，制备木浆。', '预处理木浆、制备混酸结晶。', '操作醋化、水解设备，醋化反应预处理木浆和混酸结晶，熟化反应物料。', '操作沉析、洗涤、挤压设备，沉析浆液，洗涤、脱水醋片。', '操作干燥机等设备，干燥醋片。', '配制醋酸镁等催化剂。', '使用裂解、蒸馏、萃取等装置，制作醋酐，回收醋酸，处理废水。', '取样分析，检查运行工况，监控、记录、调整工艺参数。']",3,4,2,2,3,3,1,3,1,0,2,0,3,3,3
6-04-01-03,纺织纤维梳理工,"操作梳棉机、精梳机等设备, 进行纺织纤维并合、牵伸、梳理的人员。","['操作梳棉机、精梳机, 进行纤维并合牵伸或分束、梳理(栉梳)、除杂、混合', '将原料中呈束、块状的纤维梳理成单纤维, 并制成生条', '进行升头、接头、换卷、换筒(落纱)', '巡回检查设备运转情况及产品质量', '清理机台']",3,4,1,2,2,1,1,2,0,0,2,0,2,4,3
6-04-04-02,经编工,"使用经编机、辅助设备及专用工具, 将丝、线、纱编织成坯布, 并校对、调整和更换机台织针的人员。","['操作上轴机, 将经轴装在经编机上;', '操作经编机, 套丝套纱、穿丝穿纱, 编织坯布;', '巡回检查, 查找断头, 进行穿丝, 换针和落布;', '校对机台织针, 使用专用工具拆换损坏的织针, 调整织针状态;', '清洁保养机台, 填写生产记录.']",3,4,1,2,2,2,1,3,1,0,2,0,2,3,3
6-04-06-03,印花工,操作印花机和蒸化机等设备，进行织物有色图案及花纹印制和固色的人员。,"['检查织物纬斜度、幅宽、毛效等指标，鉴别花筒、平网和圆网质量，确定花筒、平网、圆网排列，选用并修磨刮刀。', '操作打样设备，打样，核对色光，检查印制效果。', '操作印花机或使用手工工具进行织物印花。', '操作吸边器、整纬器、张力调节器等装置，控制印坯、衬布、花布的运行。', '操作蒸化机、焙烘机，进行固色处理。', '检查并处理设备运行的异常现象。', '将印后刮刀、花筒、平网、圆网等辅助工具下机并送制网间，回收色浆等，填写生产记录。']",3,4,1,2,2,3,1,2,1,0,2,0,3,3,3
6-05-01-04,缝纫品整型工,使用定型熨烫等设备或专用工具，进行服装及纺织品等缝纫制品定型整烫的人员。,"['操作洗缩设备，对缝合后的毛衫进行浸泡、洗涤、漂洗、柔软、脱水、烘干等处理;', '设定定型熨烫设备或专用工具的温度、时间等参数;', '使用熨烫设备或工具，进行服装、饰品、纺织品等定型熨烫;', '复核服装、纺织品等成品的规格型号，按不同规格型号放;', '清洁设备及工作场地，填写生产记录.']",3,4,1,2,2,2,1,2,1,0,2,0,2,3,3
6-05-99,其他纺织品、服装和皮革、毛皮制品加工制作人员,指未列入6-05-01至6-05-04的纺织品、服装和皮革、毛皮制品加工制作人员。,[],3,4,1,1,2,2,1,3,1,0,3,0,2,3,3
6-06-02-02,纤维板工,"操作纤维板制取设备, 将木质或非木质植物原料加工成纤维板的人员。","['操作配料、筛选、水洗和热磨设备, 进行木片等原料的配料、筛选、清洗、热磨;', '操作纤维调施胶、干燥设备, 进行纤维调施胶和干燥;', '操作铺装成型机, 制成纤维板坯;', '操作预压机、热压机、装卸板机, 预压和热压成型的板坯, 制成纤维板.']",3,4,1,2,2,2,1,3,1,0,2,0,2,4,3
6-07-01,制浆造纸人员,从事木材、竹、芦苇等原生植物纤维和废纸等再生纤维加工并制浆、造纸的人员。,[],3,4,2,2,3,3,2,3,1,0,2,1,2,3,3
6-08-01-02,印刷操作员,操作印刷设备或以其他方式，将图文、电子信息转印到承印物上的人员。,"['调配油墨与溶剂，准备承印物、印版等材料。', '调整、监控纸台输纸、收纸装置，调控输墨装置、印刷系统压力、输纸及收纸装置和机组其他功能。', '监控、调整纸张和油墨供应，检查、评估印刷质量，诊断、排除故障。', '进行盲文版的装版、印压材料准备，调整设备，精选木料，雕刻木版，配制色料，进行木板水印。', '配制感光胶，经烤版使感光胶固化，晒版，调配墨色，进行珂罗版印刷。', '操作凸版印刷机等设备和联动加工系统，制作印刷品。', '制作数字印刷图像，转移和输出图像。', '维护、调整、修理和清洁设备。']",3,4,2,2,3,3,2,3,1,0,3,0,2,3,3
6-09-01-04,毛笔制作工,nan,[],3,4,1,2,2,1,2,2,1,0,1,0,2,3,1
6-09-01-05,记号笔制造工,操作制笔专用设备，将高分子和金属材料制成记号笔的人员。,"['使用专用设备，将毛毡、合成纤维和塑料等非金属材料制成记号笔笔头。', '使用专用设备，将高分子材料等制成记号笔储水芯。', '使用设备和工装，将金属和非金属材料制成记号笔零件，并进行表面涂饰和印刷。', '使用专用机械或工具，进行记号笔零部件和成品组装。', '使用检测仪器，检测记号笔笔头与墨水匹配性能以及产品专项质量指标。']",2,4,1,2,3,2,1,3,1,0,2,0,2,2,3
6-09-02-05,吹奏乐器制作工,nan,[],3,4,2,2,3,2,2,3,1,0,2,0,2,3,2
6-09-02-07,电鸣乐器制作工,使用设备、工具和仪器，将木材、塑料、金属等材料及电子元器件制成电鸣乐器的人员。,"['使用专用设备和工具，将木材等材料制成电鸣乐器的琴体和箱体', '进行琴体、箱体表面涂饰', '使用专用设备和工具，焊接、制作乐器的电子组件和结构组件', '使用工具，组合装配乐器零配件']",3,4,2,2,3,2,2,3,1,0,3,0,2,3,3
6-09-03-07,泥板画创作员,从事泥板画创作的专业人员。,"['使用投影和幻灯等设备，放大壁画设计稿，制作画面依托基础', '识别和使用壁画材料', '使用专用设备及工具，制作、维护、修复壁画作品']",3,4,2,2,3,3,2,3,2,1,4,1,2,3,3
6-09-04-01,制球工,"使用机械或工具, 将皮革、橡胶、塑料等材料制成体育用球的人员。","['操作专用设备, 将赛璐珞、皮革等材料制成球片;', '操作专用设备, 将橡胶加工成橡胶内胆或橡胶球片;', '缝合或胶合皮革球片和内胆, 制成足球、篮球、排球;', '使用专用设备或手工工具, 胶合橡胶球片, 外表面黏结毛毡坯料裁片, 制成网球;', '使用专用设备或手工工具, 胶合橡胶球片, 外表面砂光, 充填惰性气体, 制成壁球;', '使用专用设备, 进行赛璐珞片料轧片、胶合、膨球, 制成乒乓球;', '操作专用设备或手工工具, 将羽毛、软木、合成革等材料制成羽毛球.']",3,4,2,2,2,2,2,3,1,0,3,0,2,3,3
6-10-01-06,炼厂气加工工,以石油加工过程中产生的气体等为原料，进行脱硫、分离、反应等，生产丙烯、液化石油气、高辛烷值汽油调合组分、硫黄等产品的人员。,"['操作脱硫塔、再生塔、汽提塔、纤维塔等设备，进行气体的处理。', '操作仪表及自动控制系统，进行开工、停工、事故判断及应急处理，保持安全、环保、连续化生产。']",3,4,2,2,3,3,2,3,1,1,3,1,3,3,3
6-10-03-01,煤制烯烃生产工,以煤为原料，操作气化炉、多级压缩机组、反应器、急冷塔等设备，生产烯烃的人员。,"['操作输送设备，将原料煤和水混合制成煤浆，送入气化炉中，调整气化炉温度、压力、氧煤比等工艺参数，制成粗合成气；', '操作脱除硫化物、二氧化碳等设备，净化粗合成气，制成甲醇合成气；', '操作多级压缩机组，将氢气、一氧化碳混合气加压送入甲醇合成塔，调节控制甲醇合成塔的温度、压力、空速等工艺参数，在催化剂的作用下，合成甲醇；']",3,4,2,3,3,3,2,3,1,1,3,0,3,2,3
6-11-02,基础化学原料制造人员,nan,[],3,4,1,2,3,3,2,3,1,1,3,1,2,3,2
6-11-01,化工产品生产通用工艺人员,从事化工产品原料准备、生产过程中的单元操作及其他化工通用工艺生产的人员。,nan,3,4,2,2,3,3,2,4,1,0,2,1,2,3,3
6-11-02,基础化学原料制造人员,从事酸、碱、盐、有机化学原料等化工产品生产的人员。,[],3,4,2,2,3,3,2,3,1,1,3,1,3,3,2
6-11-02-10,无机化学反应生产工,"操作无机反应器等设备, 进行化合、分解、复分解、氧化还原等无机化学反应, 生产无机物中间产品或产品的人员。","['操作原料机泵, 按配比将原料加入无机反应器', '调节控制无机反应器的温度、压力、浓度等工艺参数, 进行无机化学反应', '进行反应后的物料后处理, 制得成品', '检查维护生产设备, 发现并处理生产中的异常现象和故障', '记录并保存生产数据']",3,4,1,2,2,3,1,3,1,0,2,0,2,3,3
6-11-03-03,硝酸铵生产工,nan,[],3,4,2,2,3,2,2,3,1,0,2,0,3,4,3
6-11-03-06,普通过磷酸钙生产工,"以硫酸和氮素、磷素、钾素等为原料, 操作反应器、造粒机、干燥器等设备, 生产复混肥的人员。","['操作反应器, 调节控制温度、压力、流量等工艺参数, 加入氮素、磷素等原料, 制成磷酸铵料浆;', '操作反应器, 调解控制温度、压力、流量等工艺参数, 加入氮素、磷素、钾素等原料, 制成复混肥料浆;', '操作造粒机、干燥器等设备, 将复混肥料浆制成复混肥;', '操作造粒机、干燥器等设备, 将磷酸铵或复混肥料浆制成磷酸铵或复混肥;', '检查维护生产设备, 发现并处理生产中的异常现象和故障;', '记录并保存生产数据.']",3,4,1,2,2,2,1,3,1,0,2,0,2,3,3
6-11-05-05,微生物农药生产工,nan,[],3,4,2,2,3,3,2,3,1,0,3,1,2,3,2
6-11-08-03,化学试剂生产工,"以化学品为原料, 操作反应釜、精馏塔等设备, 进行化学合成、精制提纯、分装, 生产化学试剂的人员。","['使用称量仪器, 配制反应原料;', '操作反应釜, 调节控制温度、压力、浓度、配比等工艺参数, 进行化学合成;', '操作精馏器、蒸发器、结晶器、超净过滤器等设备, 精制提纯合成物;', '使用物理和化学分析仪器, 检定试剂;', '操作包装机械, 进行商品试剂的灌装和装箱;', '检查维护生产设备, 发现并处理生产中的异常现象和故障;', '记录并保存生产数据.']",3,4,2,2,3,3,2,3,1,1,3,0,3,2,2
6-11-08-16,紫胶生产工,"操作洗色、熔胶过滤及蒸发、热滤制片和漂白、干燥等设备, 生产紫胶、紫胶色素、紫胶蜡的人员。","['操作热滤釜等设备, 控制蒸汽压力等工艺参数, 净化熔胶;', '操作压片机等设备, 控制压片厚度, 将熔胶压制成紫胶片;', '操作洗色、离心脱水、干燥设备, 控制温度、时间、含水率等工艺参数, 浅化原胶色泽和除去杂质;', '操作紫胶熔解、过滤、漂白、干燥设备, 控制漂白剂量、时间等工艺参数.']",3,4,2,2,2,3,1,3,1,0,3,0,2,3,3
6-11-08-24,平板显示膜生产工,操作流延或双向拉伸等设备，运用溶液工艺或熔融工艺，生产平板显示膜的人员。,"['操作混合器或结晶干燥设备，进行高分子材料溶解或结晶干燥。', '操作流延机或拉伸机等设备，调控温湿度、洁净度等，将处理后的高分子物料制成片膜。', '操作涂布设备，进行片膜涂层处理。', '操作收卷设备，进行片膜收卷。', '操作检测仪器，检测薄膜的物理、化学、光学等性能。', '操作分切、复卷设备，分切、复卷收卷后的片膜。', '操作包装设备，包装成品。', '检查维护生产设备，发现并处理生产中的异常现象和故障。', '记录并保存生产数据。']",3,4,1,2,3,3,2,3,1,0,3,0,2,3,3
6-11-10-03,化妆品配方师,使用日用化工原料，研制胶状、液状、粉状和固体化妆品配方及制订生产工艺的人员。,[],3,4,2,3,3,4,2,3,2,1,3,1,3,0,1
6-12,医药制造人员,从事化学药品原料药、药物制剂、中药、兽用药品、生物药品生产的人员。,nan,3,4,2,3,3,4,2,3,1,1,3,1,3,2,2
6-12-05-04,血液制品工,操作过滤、冷冻、分离等设备，分离提纯血液中有形成分和血浆中蛋白质组分，生产血液制品的人员。,"['进行免疫、效价检测、采血、分离，生产免疫血浆。', '分离提纯血液中有形成分和血浆中蛋白质组分。', '操作过滤、冷冻设备，进行产品除菌过滤、冷冻干燥。', '操作专用设备，分装、包装血液制品。']",3,4,2,3,3,3,1,4,1,0,2,0,3,2,3
6-13-02-01,纺丝工,"操作化纤纺丝机及辅助设备, 生产人造纤维和合成纤维半成品的人员。","['操作干燥机、螺杆机, 对纺丝原料进行干燥、熔融;', '将原液或合成聚合物的熔体送入纺丝机;', '将凝固浴送入纺丝凝固浴槽;', '操作计量装置, 将原液或熔体用计量泵打入, 经过滤器, 通过喷丝头或喷丝板, 喷出细流, 凝固成丝;', '操作热处理、卷绕、切丝机等设备, 对丝束进行预牵伸、水洗、预热、拉伸、卷绕、切断;', '更换原液或熔体计量泵、过滤器、喷丝头或喷丝板;', '监控设备运行和生产工艺过程, 处理生产故障, 填写生产记录;', '回收废丝、废液.']",3,4,1,2,3,2,1,3,1,0,2,0,2,3,3
6-15,非金属矿物制品制造人员,从事水泥、玻璃、陶瓷、石墨及炭素等非金属矿物制品生产加工的人员。,[],3,4,2,2,3,3,2,3,1,0,3,1,2,3,2
6-15-99,其他非金属矿物制品制造人员,nan,nan,3,3,2,2,2,3,2,3,1,0,3,1,2,3,3
6-15-01-05,石膏制品生产工,负责将建筑石膏粉与其他原料搅拌成石膏浆体，制成石膏制品。,"['准备建筑石膏粉、外加剂等原辅材料和模具。', '操作计量设备，进行石膏粉、外加剂等原料称量、配料。', '操作搅拌机，加水搅拌原料，制备石膏浆。', '操作成型设备，制备石膏制品。', '进行石膏制品脱模、养护、干燥、修整。', '维护保养设备，处理故障，填写生产记录。']",2,4,1,1,2,2,1,3,1,0,2,0,2,3,3
6-15-03,玻璃及玻璃制品生产加工人员,从事玻璃及玻璃制品配料、熔化、成型和冷热加工处理的人员。,[],3,4,2,2,3,2,1,3,1,0,3,0,2,4,3
6-15-03-04,玻璃制品加工工,使用设备和工具，进行玻璃制品半成品或成品冷、热加工的人员。,"['按照工艺要求选取原辅料，或自行配制专用加工材料。', '操作专用窑炉，进行玻璃制品退火、钢化、烤花、晶化、弯曲等加工和处理。', '操作抛光设备或使用工具，进行玻璃制品表面抛光。', '操作镀膜设备，在玻璃制品上镀膜。', '操作真空设备，进行玻璃制品抽真空。', '使用专用设备或工具，进行玻璃制品切割、研磨、粘接和标定等加工。', '使用专用设备或工具，进行玻璃制品雕刻、喷砂、印刷、镶嵌等表面装饰加工。', '使用检测仪器或设备检查产品，剔除不合格品。']",3,4,2,2,3,2,1,3,1,0,2,0,2,3,3
6-15-05-04,陶瓷装饰工,对陶瓷制品进行贴花、绘画、雕塑、印刷等表面装饰制作的人员。,"['在陶瓷半成品表面进行贴花装饰', '对陶瓷彩绘颜料进行配色和调色', '在陶瓷半成品表面手工绘制纹饰图案', '对陶瓷坯体进行手工雕塑', '使用钻石刀、凿锤等工具, 对陶瓷成品进行造型刻凿等装饰加工', '操作设备, 在陶瓷坯体表面进行图案印刷']",4,4,2,2,3,2,1,2,1,0,2,0,2,3,3
6-15-07,石墨及炭素制品生产人员,从事炭、石墨原料处理、加工，并制成石墨、炭素等制品的人员。,[],3,4,2,2,3,2,2,3,1,0,2,0,2,3,3
6-15-07-07,炭素特种材料工,操作炉窑、加工设备，生产炭纤维、炭毡、炭/炭复合材料、特种石墨、石墨烯及负极材料等炭素特种材料制品的人员。,"['操作预氧化炉、炭化炉，将原丝氧化、炭化、处理表面、涂胶及收丝，制成炭纤维。', '操作编织机，编织炭纤维织物。', '操作石墨化炉，将炭纤维制成石墨纤维。', '操作烘箱、炭化炉，预氧化、炭化原毡，制成炭毡、炭纤维布，并进行黏结叠层。', '操作炭纤维活化装置，制作活性炭纤维。', '操作复合加工设备，制作炭纤维复合材料制品。', '操作中频加热炉或液相沉积炉，进行炭源增密沉积和高温处理，用沥青或树脂进行浸渍增密，高温处理，制成特种石墨。', '操作混捏锅、轧片机、磨粉机、静压机或模压机等设备，生产糊料并轧片处理，进行二次制粉和成型。', '操作炉窑，焙烧、浸渍增密、二次焙烧、石墨化生产，磨制特种石墨粉料、负极材料。', '操作反应釜、高速离心机、冷冻干燥机、超声波清洗机等设备，制成石墨烯。', '检查炭纤维、炭/炭复合材料、特种石墨、负极材料、石墨烯等特种材料制品。']",3,4,2,2,3,3,1,2,1,0,3,1,2,3,3
6-16-01-02,露天矿物开采辅助工,使用设备、工具，进行露天采矿排水、清理、安全防范、边坡加固等作业的人员。,"['防范非爆区作业人员及车辆误入爆破警戒区域。', '操作设备，将水灌入采场灭火孔，进行明火或暗火区域降温。', '操作水泵，将矿坑积水灌入洒水车或排入矿坑的疏排水管道。', '拖曳、摆放电铲、吊斗铲的供电电缆。', '指挥、引导运输矿物车辆卸矿岩。', '使用工具，清除胶带运输机、破碎机、转载机等机头、机尾的洒落物。', '使用工具，清除卡车、前装机、推土机外表淤泥。', '使用仪器，检测矿用重型卡车轮胎，并进行换修。', '使用机具，检查、清坡、加固露天矿边坡。']",2,4,1,1,2,2,2,3,1,0,3,0,3,4,4
6-16-01-05,井下采矿工,操作采矿机械、机具，在井下采矿工作面钻、装、运矿石的人员。,"['使用电动、风动、液压机具，打眼。', '操作采矿机械或水枪，破矿、落矿。', '使用设备或人力、水力，装运矿物。', '进行综合机械化采煤工作面的放顶煤和一次采全高作业。', '使用设备或人力，推移输送机。', '操作、维护采矿工作面的移动变电站、高低压开关、通信设备、控制系统等。', '操作井下回采凿岩设备，进行中深孔穿孔作业。', '维护保养设备，处理故障，记录生产数据。']",3,4,2,2,3,2,2,3,1,0,3,0,2,4,3
6-16-01-15,选矿工,操作选矿设备，采用重选、浮选、磁选、风选等方法，选别不同性质原矿的人员。,"['操作重力选矿、给矿等设备，利用矿物密度和品位的差异，选别矿物', '操作浮选机、矿浆预处理器、加药装置等设备，利用矿物表面物理化学性质的差异，选别回收细粒矿物', '操作磁选机、磁聚机、浓缩机等设备，利用原矿不同磁性，选别矿物', '监控、调整给矿量及风、水、介质']",3,4,2,2,2,2,1,3,1,0,3,0,2,4,3
6-16-02-07,石油开采工,nan,[],4,4,2,3,3,2,2,3,1,0,2,0,3,4,3
6-16-02-04,井下作业设备操作维修工,"使用作业机、修井机、通井机、封隔器等设备和工具, 进行油、气、水井的检泵、配注、打捞、大修等井下作业及辅助作业的人员。","['使用防喷器、泵注设备、井口操作台、液压钳、通井机、封隔器等设备和工具, 进行油、气、水井的检泵、配注、打捞、大修、试油等井下作业;']",3,4,2,2,3,2,2,3,1,0,3,0,3,4,4
6-16-02-13,海上平台水手,从事海上吊装和钻完井辅助作业、海事作业、油气外输作业及平台应急作业的人员。,"['进行移动式平台拖航中的起抛锚作业;', '进行船舶靠离平台时的解系缆作业;', '进行油气外输作业、供油供水作业、钻完井辅助作业;', '指挥起重机司机进行人员、物资吊运作业;', '维护保养及操作起重设备与吊索具、消防救生设备与设施、锚机、油气输送设备、应急设备;', '接送直升机;', '操作应急设备, 进行堵漏等应急作业;', '进行海上平台甲板整理、清洁及防腐作业.']",3,4,2,2,3,2,3,4,1,2,3,1,3,4,4
6-17-06,轻有色金属冶炼人员,nan,[],3,4,2,2,3,3,2,3,2,0,3,1,3,4,2
6-17-01-06,高炉炼铁工,操作高炉控制系统及炉前设备，调控炉况，出铁、出渣，铸铁的人员。,"['监控高炉控制系统设备，调整炉况，指挥高炉各岗位操作；', '操作出铁设备，打开出铁口，监控铁水在渣铁分离装置中分离炉渣情况，将铁水放入铁水罐或混铁车，将炉渣引入渣处理器；', '使用工具，将泥料装入泥炮，操作...']",3,4,1,2,2,3,2,3,1,0,3,1,3,4,3
6-17-03-02,铸管工,操作铁水熔炼、离心铸管机等设备，熔炼铁水，将铁水浇铸成铸铁管的人员。,"['操作熔炼设备将铁水升温，向铁水中加入废钢、铁合金等，调整铁水的化学成分，制备铁水，进行铁水球化处理;', '调控管模温度，清理管模内壁，在内壁上喷涂涂料;', '操作离心铸管机，将铁水浇注成铸铁管;', '更换管模;', '操作退火炉，进行铸管退火处理;', '检查铸管的外观质量、组批编号;', '维护保养设备，处理故障，记录生产情况.']",3,4,1,2,2,2,1,2,0,0,3,0,3,4,3
6-17-05-03,重冶火法冶炼工,"操作冶金炉窑, 熔炼、分离炉料中的铜、铅、锌、镍与脉石, 将粗金属除去杂质提纯的人员。","['操作冶金炉窑等设备, 分离铜、铅、锌、镍等重有色金属与脉石等杂质;', '加入炉料, 排渣, 放出金属液、锍;', '操作精炼炉窑提纯粗金属, 制取铜、铅、锌、镍等重有色金属精炼产品或成品化合物;', '操作铸型机等设备, 将金属液、锍铸型保温并脱模.']",3,4,2,2,2,2,2,3,1,0,3,0,3,4,3
6-17-07-01,钨钼冶炼工,"操作钨钼冶炼设备, 冶炼钨精矿或钼精矿, 制成钨、钼产品的人员。","['操作球磨机、搅拌槽、反应釜或高压釜, 细磨钨、钼精矿, 并将细粉溶解进酸, 浸出钨或钼元素, 制成钨酸钠、钼酸钠。']",3,4,1,2,2,2,1,3,1,0,3,0,2,3,3
6-17-09-01,轧制原料工,操作加热炉等原料处理设备，处理、加热原料，进行原料收、发、存、退废及原料信息传递的人员。,"['核对信息数据，检查、验收原料', '指挥吊车卸车、堆垛、倒垛', '检查金属锭、坯、卷等原料，建立收、发、存台账，进行退废', '使用设备或工具，处理金属锭、坯等表面缺陷，矫直坯料，切割坯料，指挥吊车收料入储', '核对品种、炉号，指挥吊车或使用输送设备上料，排列锭、坯、卷', '操作推料等设备，将锭、坯送入加热炉', '调整加热炉或均热炉的燃气、油等燃料量及助燃空气，控制炉温及加热过程', '操作设备，将加热后的金属锭、坯出炉', '操作辊道等设备，将锭、坯运至轧制工序', '操作揭盖等设备，启闭均热炉炉盖，将钢锭装出均热炉', '使用工具或打渣机，清理炉坑', '维护保养设备，处理故障，填写生产记录']",3,4,1,1,2,2,3,3,1,0,3,1,3,4,4
6-17-09-11,钢丝绳制造工,操作卷线、捻股、反股、合绳等设备，将钢丝捻制成钢丝绳的人员。,"['核对原料信息，操作卷线机，排线打轴，做标记。', '操作捻股机，上轴接头，将各卷轴的多股钢丝捻制成绳股，落股。', '操作反股机，将绳股反卷平整。', '操作合绳机，装入麻芯或钢芯，将绳股捻制成钢丝绳，落绳。', '使用浸油装置，进行绳股或绳浸油。', '维护保养设备，处理故障，填写生产记录。']",3,4,1,2,2,2,1,3,1,0,2,0,2,4,3
6-18-04,工装工具制造加工人员,nan,[],3,4,2,2,3,3,2,3,1,0,3,0,2,3,2
6-18-01-07,多工序数控机床操作调整工,"操作数控机加生产线、数控组合机床、复合机床和加工中心等, 进行工件切削加工的人员。","['安装夹具, 调整设备, 装夹工件;', '选择、刃磨、安装刀具;', '操作设备数控系统, 进行人机之间指令和提示等信息交流;', '校验加工程序, 空运转设备并进行维护保养设备及工装.']",3,4,2,2,3,3,2,3,1,0,2,0,3,3,3
6-18-02-01,锻件加工工,金属毛坯下料、加热、镦粗、拔长、预制坯、成型、冲孔、切边、校正、热处理、清理、检验等锻件加工的人员。,"['安装调整夹具、模具和辅助装置，备料', '操作燃气炉、感应加热炉等设备，加热锻造毛坯，进行坯料表面防护', '操作锻造制坯及成形设备，进行锻造毛坯下料、镦粗、拔长、预制坯、成型、冲孔、切边、校正、热处理和清理等加工', '操作加热炉、水(油)压机和辅助设备，进行金属材料加热、下料、制坯、成型等加工', '使用专用设备和工装，进行锻件切边、校正和清理', '检查、修复锻件的锻造缺陷', '维护保养工艺装备']",3,4,2,2,2,2,2,3,1,0,3,0,2,4,3
6-18-04-01,模具工,操作设备和使用工具，加工、装配、调试和维修金属或非金属制件模具的人员。,['使用测量工具，检测模具零件。'],3,4,2,2,2,3,2,3,1,0,2,0,2,3,3
6-19-01-02,建筑五金制品制作工,使用机械和工具，将金属等材料制成金属网、水龙头、卫浴配件、民用阀门、门窗五金配件等建筑五金制品的人员。,"['操作设备，进行金属线材退火、剥壳和拉丝', '使用专用设备和工装，进行金属丝挤压和冲切', '操作专用设备，进行金属丝编织、焊接、细网成卷，切割', '使用设备和工装，进行金属材料压铸、锻造、冲压、拉伸、冲孔等加工，制成坯料', '操作设备，进行金属材料切削、冷挤压、热冲压、焊接等加工，制成零部件', '进行金属线材或零件电镀、喷涂、抛光等表面处理', '使用设备或工具，将零部件装配为成品并包装']",3,4,2,2,2,2,1,3,1,0,3,0,2,3,3
6-20-01-01,装配钳工,使用机械或工装、工具，进行机械设备产品部件、组件或成品组合装配与调试的人员。,"['安装调整工装卡具', '使用机械设备或工装、工具，将机械产品的零部件装配成部件或组件', '装配机械产品的整机或总成', '使用仪器仪表和工装、工具，检测与调试机械产品的部装和总装', '维护保养装配设备、工夹量具和仪器仪表']",3,4,2,2,3,2,2,3,1,0,3,0,2,3,3
6-20-01-06,紧固件制造工,操作冷镦、热镦、滚丝、搓丝、攻丝机床及螺纹轧型等设备，进行紧固件镦锻制坯及螺纹成型加工的人员。,"['调整设备，安装工装、夹具', '使用专用设备及工装、模具，进行螺栓、螺母、螺钉等紧固件冷镦锻或热镦锻的制坯加工', '操作滚丝、搓丝或螺纹轧制等设备，进行紧固件螺纹成型加工', '使用检测工具，检验紧固件的外观、尺寸等产品质量', '维护保养工艺装备']",3,4,1,2,2,2,1,3,1,0,2,0,2,3,3
6-20-03-03,焊接材料制造工,nan,[],3,4,1,2,3,2,1,3,1,0,2,0,2,3,2
6-20-05-06,气体分离设备装配调试工,使用机械设备、工装器具和工具，装配和调试气体分离设备的人员。,"['清洁气体分离设备的组件，进行装配。', '测试气体分离设备的性能与效率。', '维护保养机械和工装设备。']",2,4,1,2,3,3,2,3,1,0,3,0,2,3,3
6-20-05-08,阀门装配调试工,使用机械设备、工装器具和工具，装配和调试控制流体的手动、电动、液动、气动等各类阀门的人员。,"['清洁阀门的阀体、阀瓣、阀杆、阀座、密封等零部件，装配阀门的主体。', '安装手动、电动、液动、气动等执行部件，检测阀门性能。', '维护保养设备、工装和检测器具。']",2,4,1,2,3,2,1,3,1,0,3,0,2,3,3
6-20-07-02,照相机及器材制造工,"使用专用设备、工具和仪器, 装配和调试照相机、录像机、扩印洗印设备、闪光灯等照相器材的人员。","['准备零部件;', '使用专用设备和工具, 组装部件, 并使用图像与影像测试版进行调试;', '操作专用设备, 装配照相机、录像机、扩印洗印设备和闪光灯等;', '使用专用机具、仪器, 调试产品的机械、光学和图像等性能;', '使用耐压测试设备、电阻仪、对地漏电测试仪、接地电阻测试仪等, 检测和调试扩印洗印设备、闪光灯等照相器材的电气指标;', '检验产品的机械、电气、外观与操作、环境适应、包装与运输等性能指标;', '维护保养设备和仪器仪表;']",3,4,2,2,2,3,2,3,1,0,2,0,2,1,2
6-21-01-02,工程机械装配调试工,使用专用器具，装配、安装和调试起重、混凝土、掘进及凿岩等工程机械的人员。,"['使用专用器具，装配、安装与调试工程机械部件和整机。', '使用测试仪器和试验设备，检测与调试工程机械性能。', '操作工程机械，进行性能试验、可靠性试验、工业性试验。', '维护和保养工程机械装配工装、检测器具。', '控制工程机械装配、安装、调试质量。']",2,4,2,2,3,3,2,4,1,0,3,0,3,3,4
6-21-06-01,医疗器械装配工,使用工具、仪器仪表及设备，装配、调试医疗设备和器械的人员。,"['检查、筛选待装医疗器械设备的机械、电子、光学等零件和部件。', '使用焊、胶、接插工具和设备，组装医疗设备的电路、光路、气路和部件等。', '操作专用设备，配置、焊接并装配组件、插件、模板或控制系统、机械系统、光学系统、图像系统等。', '操作通用、专用检测设备，检测校准组件、插件或系统。', '使用专用工具、设备，组装医疗器械整机。', '使用检测校准仪表，测试、联调医疗器械设备整机。', '按照标准要求，进行医疗器械设备的包装、标示。', '维护保养工、夹、量具、仪器仪表及设备，排除故障。', '维护安装调试场所卫生与安全。']",3,4,2,2,3,3,2,3,1,0,2,0,2,2,3
6-23-01-02,铁路车辆制修工,使用工具和设备，制作、装配、检修、调试铁路车辆机械、电气等系统的人员。,['装配、调试、检修车辆部件及整车。'],3,4,2,2,3,3,2,3,1,0,3,0,2,3,3
6-23-03,航空产品装配、调试人员,从事航空发动机、螺旋桨、电气设备等航空产品装配、调试的人员。,[],3,4,2,2,3,3,2,4,1,0,2,0,3,3,4
6-23-03-09,飞机无线电设备安装调试工,使用设备和工具，安装、检查、调试飞机无线电系统的人员。,"['安装、测量、调试无线电设备附件。', '敷设线路，排除故障。', '进行飞机无线电设备试验和定检。', '装拆和修理飞机无线电设备。', '调试、测试无线电设备、系统，并记录参数。']",3,4,2,2,3,3,2,3,1,1,3,0,3,2,3
6-23-04-01,摩托车装调工,使用工具、装配联动线、液压机等工装及整车检测线等仪器和设备，进行摩托车零部件组合、装配、故障排查、修理的人员。,"['使用液压机等工装、专用设备和工具，组合摩托车成车零部件。', '使用装配联动线、打包机、射钉枪、液压机等工装、设备和工具，装配摩托车成车。', '使用液压机等工装、设备和工具，组合摩托车发动机零部件。', '使用装配联动线、液压机等工装、设备和工具，装配摩托车发动机整机。', '使用整车检测线、废气分析仪、万用表、灯光测试仪等检测仪器和工具，排查摩托车成车故障。', '使用工具，进行摩托车成车故障零部件更换等修理作业。', '使用摩托车发动机测试台，进行摩托车发动机整机初期测试、磨合。', '使用废气分析仪、捡漏测试仪、密封性检测仪、综合流量检测仪、动平衡测试仪、万用表等检测仪器和工具，排查摩托车发动机整机故障。', '使用工具，进行摩托车发动机故障零部件更换等修理作业。', '维护保养设备、工具、工装等。']",3,4,2,2,2,3,2,3,1,0,3,0,3,4,4
6-24-02-01,变压器互感器制造工,使用设备与工装，加工、装配变压器和互感器铁心、线圈、绝缘件等部件，进行器身套装、引线配焊和整体装配的人员。,"['安装调整装配台、架、工装工具设备等', '使用专用设备，进行电力变压器及电抗器铁芯片剪切、冲孔', '使用专用设备、工具、工装，叠积、卷绕变压器和互感器铁芯，进行铁芯装配、退火、浸渍、整理，修理铁芯半成品或成品', '使用设备、工装，绕制、压装整理及真空干燥变压器和互感器线圈', '使用设备、工装、工具，进行线圈套装，变压器、互感器器身、引线装配，成品装配', '使用仪器仪表，检测变压器、互感器的装配质量和电气性能，并排除故障', '维护保养工、夹、量具和设备，排除故障']",3,4,2,2,2,2,1,3,1,0,3,0,2,3,3
6-24-03-05,电器附件制造工,使用电玉粉成型机、高速冲床、自动铆接机台、烫金机等专用设备以及耐压仪、电阻仪等仪器仪表，制造、装配、检测插头插座、器具耦合器等电器附件和温湿度控制器零部件的人员。,"['操作供料机、粉碎机、吊装机、电玉粉成型机、丝印机台等设备，加工电器附件零部件', '使用高速冲床、顺送模具、自动钻切、接线端子铆合机等设备和压合夹具，装配导电类金属件', '操作自动铆接机台，将银线铜线铆接、点焊成导电元件', '操作烫金机、移印机、超声波熔接机、自动组装机等，进行零部件前加工，组装成品', '使用自动化设备、电动或气动装置、组装流水线以及工装夹具等，加工、组装成品', '操作投影仪、耐压仪、弹簧检测仪、电阻仪、测力计等专用检测设备，检查零部件及成品外观及尺寸特性', '使用专用测试设备、仪器，测试塑胶类产品灼热丝、熔融指数、球压等，测试铜材伸长率、抗拉强度等', '维护保养设备']",3,4,2,2,2,3,2,3,1,0,2,0,2,3,3
6-24-06-00,燃气具制造工,使用专用设备、工装、测试仪器等，进行家用燃气用具零部件加工和整机装配，并现场安装和调试的人员。,"['使用专用设备和工装，进行金属件切削加工和钣金件冲裁、压型等加工。', '使用专用设备和工装，焊接和喷涂金属件。', '操作设备，进行橡塑等非金属零部件成型加工。', '加工、测试和组装电子控制器件。', '使用工具，选配、组装燃气具的点火器、燃烧器、熄火保护装置等部件，在线调试。', '清洗、整理零部件，调试装配流水线。', '使用工具和工装，装配整机，包装成品。', '现场安装燃气具，连接水、电、气的系统，测试安全性。']",3,4,2,2,2,3,2,3,1,0,2,0,2,3,3
6-25-01-01,有机实芯电阻器、电位器制造工,"成实芯电阻体，并进行装配、测试,制成有机实芯电阻器、电位器。","['合成膜电位器工', '热敏电阻红外探测器制造工', '线绕电阻器、电位器制造工', '有机实芯电阻器、电位器制造工', '电阻器专用合金粉制造工', '薄膜电阻器制造工', '玻璃釉膜电阻器、电位器制造工', '光敏电阻器制造工', '压敏电阻器制造工', '热敏电阻器制造工', '合成碳膜电位器制造工']",2,4,2,2,3,3,1,3,1,0,3,0,2,2,2
6-25-01-11,电器接插件制造工,使用加工、铆焊设备和工具，加工零配件，装配低压接插件的人员。,"['操作加工设备，将金属或非金属材料加工成接插件的零件。', '使用铆焊设备和工装等，采用铆接、焊接、压接和浸涂等工艺，将零部件装配成接插件。', '使用校正设备和工具，校验接插件。']",3,4,1,2,2,2,1,3,1,0,2,0,2,3,3
6-25-03-00,计算机及外部设备装配调试员,使用计算机及外部设备生产线、工艺装备、软硬件调试工具，装配调试计算机及打印机、显示器、磁盘阵列等外部设备的人员。,"['准备计算机及打印机、显示器、磁盘阵列等外部设备装配调试环境和调试工具。', '使用装配工装和示波器、万用表等工具，装配调试计算机及打印机、显示器、磁盘阵列等外部设备零部件。', '使用装配工装和示波器、万用表等工具，装配调试计算机及打印机、显示器、磁盘阵列等外部设备板卡。', '使用装配工装和示波器、万用表等工具，装配调试计算机及打印机、显示器、磁盘阵列等外部设备整机。']",3,4,2,2,3,3,2,3,1,0,3,0,3,1,3
6-25-04-09,物联网安装调试员,使用检测仪器和专用工具，安装、配置、调试物联网产品与设备的人员。,"['检测物联网设备、感知模块、控制模块的质量。', '组装物联网设备及相关附件。', '连接物联网设备电路。', '建立物联网设备与设备、设备与网络的连接。', '调整设备安装距离，优化物联网网络布局。', '配置物联网网关和短距传输模块参数。', '预防和解决物联网产品和网络系统中的网络瘫痪、中断等事件，确保物联网产品及网络的正常运行。']",3,4,2,2,3,3,2,3,1,0,3,0,3,2,3
6-28-00,电力、热力、气体、水生产和输配人员,从事电力、热力、气体和水生产、供输以及气体、水处理的人员。,[],3,4,2,3,3,3,3,4,2,1,4,2,3,2,3
6-28-01-09,水力发电运行值班员,nan,[],3,4,2,2,3,3,2,3,1,0,3,1,3,2,2
6-28-01-04,燃气轮机值班员,"操作燃气轮机及其联合循环发电机组, 监控其运行情况的人员。","['启停燃气轮机及其联合循环发电机组', '监视蒸汽温度、压力、流量和燃气轮机胀差、金属温度', '控制设备和工质的技术指标', '巡回检查设备, 分析、处理异常情况和事故', '维护、保养设备, 进行设备、系统切换和试验', '验收、调试检修后的设备']",3,4,2,3,3,3,2,3,1,0,3,1,3,2,3
6-28-01-14,变配电运行值班员,操作、巡视、监控并维护变配电站(所)和换流站设备的人员。,"['巡视、检查、监视变电站(所)、配电网和换流站设备的运行工况', '执行调度命令，进行倒闸操作', '发现、分析设备异常，上报并进行处理', '分析、管理变电站(所)、配电网及换流站内设备运行数据', '维护变电站(所)、配电网及换流站的设备', '验收新投入和检修后的设备', '填写运行日志和技术记录']",3,4,2,2,3,3,2,3,1,0,3,1,3,1,2
6-28-02-07,风机操作工,操作并监控电动、汽轮鼓风机，进行设备的日常操作与维护的人员。,"['操作并监控电动鼓风机和汽轮鼓风机的运行。', '调节风机工作的流量和压力，确保设备运行在最佳状态。', '检查风机的润滑油和冷却水，确保其正常流动与温度。', '维护和保养风机及其附属设备，定期进行检修。', '记录风机运行数据，分析并报告设备运行状态。']",3,4,1,2,2,3,2,3,1,0,3,0,2,3,3
6-29-01-02,石工,nan,[],3,4,2,2,2,2,3,4,1,0,3,0,2,4,3
6-29-99,其他建筑施工人员,nan,[],3,4,2,1,2,2,3,4,2,0,3,1,1,4,4
6-29-02-01,铁路自轮运转设备工,nan,[],3,4,2,2,3,3,2,3,1,0,3,0,2,4,3
6-29-02-08,防水工,进行建筑物防水处理的专业人员。,[],3,4,1,2,3,2,2,3,1,0,2,0,2,3,3
6-29-02-04,公路养护工,使用工具和设备，管理、维护公路、城市道路、桥梁、隧道和机场场道工程设施的人员。,"['监测、巡视道路运行状况和质量、安全，进行道路维护、抢修、加固作业。', '监测、巡视桥梁运行状况和质量、安全，进行桥梁维护、抢修、加固作业。', '监测、巡视隧道运行状况和质量、安全，进行隧道维护、抢修、加固作业。', '监测、巡视机场场道运行状况和质量、安全，进行场道维护、抢修、加固作业。', '使用机械设备，排除路障。']",2,4,2,2,2,3,2,3,1,0,3,1,2,3,4
6-29-02-14,舟桥工,"使用工具和设备, 拼装、架设或拆除铁路栈桥、舟桥、轮渡结构的人员。","['操作起重机械, 进行构件及设备起吊、移位;', '拼组、连接、分解舟桥、轮渡结构件;', '架设栈桥升降塔、活动墩、栈桥梁、桥面等;', '拆除舟桥、轮渡、栈桥结构件, 并分类堆放、整理、保养;', '驾驶机动舟, 架设、拼装或拆除栈桥、舟桥、轮渡.']",3,4,2,2,2,2,2,4,1,0,3,1,3,4,4
6-29-03-07,发电设备安装工,使用工具和设备，安装、调试汽轮机、水轮机、发电机组、光伏发电设备及辅助设备与系统的人员。,['解体、检查、修理、预组装发电主、辅设备。'],3,4,2,2,3,3,2,4,1,0,2,0,2,3,3
6-29-04-05,城市轨道交通信号工,从事城市轨道交通信号系统的安装与维护工作。,[],3,4,2,2,3,4,2,3,1,0,3,1,3,2,3
6-30-02-02,铁路车站调车作业员,从事车列解体、编组、摘挂及取送作业的人员。,"['接受、传送调车作业计划，确定作业方法。', '识别、显示调车信号。', '检查线路、道岔状态，扳动道岔。', '检查车辆、货位，摘挂、连结风管。']",2,4,2,2,2,3,2,4,1,0,3,0,3,4,4
6-30-04-01,船舶甲板设备操作工,"操作船舶甲板机械设备, 进行船舶航行、停泊、货物作业, 船体及设备维护保养的人员。","['编结和插接缆绳, 进行船舶系、解缆作业;', '参与船舶航行、停泊值班及锚泊和编、解队;', '操作甲板机械设备, 进行船舶甲板及工程作业;', '协助监督货物作业, 绑扎与系固货物;', '进行压载水压载、排放, 淡水添加.']",3,4,2,2,2,3,3,4,2,1,3,1,3,4,4
6-30-05-05,挖掘铲运和桩工机械司机,操作挖掘、铲运和桩工机械，进行土方及桩基础作业的人员。,[],3,4,2,2,3,2,1,3,1,0,3,0,2,4,3
6-31-01-04,仪器仪表维修工,nan,[],3,4,2,2,3,4,2,3,1,0,3,0,3,2,2
6-31-05,包装人员,nan,[],2,3,1,0,2,1,1,3,1,0,3,0,1,3,3
6-31-01-08,变电设备检修工,使用工具、量具和仪器、仪表，检修、更换、调试变压器、断路器、隔离开关、成套组合电器及直流装置等变电设备的人员。,"['制订检修、施工方案', '拆卸、检修、清洗、组装、调试断路器、隔离开关及操作机构，进行电气、机械特性试验', '检修、更换、维护、清理母线、接地开关、成套组合电器及其附件', '检修、更换变压器、互感器、消弧线圈、电抗器、无功补偿设备、防雷设备等变电设备及附件', '检修、更换、定检、维护直流系统设备', '处理变电设备绝缘油、液压油、六氟化硫气体', '带电测试、清扫、检修、更换运行中的变电设备，消除故障', '填写设备检修报告']",3,4,2,3,3,3,2,3,1,0,2,1,3,3,3
6-31-03-01,化学检验员,使用仪器、设备、器具，检验、检测、化验、分析成品、半成品和原料、燃料、材料等样品化学性能、成分的人员。,"['使用工具和设备，采集样品', '使用设备、工具，加工、预处理样品', '使用器具，配制标准溶液和化学试剂', '视检样品外观', '使用理化仪器、设备、器具等，测试样品的理化性质', '操作化学分析和仪器分析设备，进行样品化学分析、比色分析、相分析、极谱分析、色谱分析、光谱分析、质谱分析、原子吸收分光光度分析及核磁共振分析，测定样品成分含量', '记录、计算、判定、分析检验数据', '检查、调试、维护仪器设备，处理故障']",3,4,2,3,3,3,2,3,1,1,3,1,3,1,2
6-31-03,航空器救生设施外场维护员,nan,[],3,4,2,2,3,3,2,4,1,0,3,0,3,4,4
6-31-06-00,安全员,从事现场安全生产监督、检查与管理工作的人员。,"['监督、检查现场安全、防护装备配备及使用情况', '监督、检查危险源，发现事故隐患，并监督整改', '参与制订安全生产措施、安全操作规程及事故应急处置预案', '参与事故应急救援和演练，组织现场保护和抢救，进行事故的调查与处理，完成事故的统计、分析报告', '组织开展安全生产宣传教育，进行员工安全技术培训，实施职业健康管理制度', '记录并保存安全生产数据，保存事故调查、分析档案']",3,4,2,2,2,4,3,4,2,1,4,3,3,1,2
军004,军医,负责军队人员的医疗和健康保障。,提供医疗服务、实施急救、进行健康检查和管理。,4,4,3,3,3,4,4,4,2,1,4,3,4,2,3
7-04-00,文职人员,文职人员。,nan,2,3,1,1,2,3,3,3,2,1,4,2,3,0,0
